id,full_name,email,sex,birth_date,credit_card,lat,lng
1,Arnie Burdis,aburdis0@army.mil,Male,31.01.1992,5.42836E+15,38.0230869,23.8724272
2,Piotr Burtwhistle,pburtwhistle1@ftc.gov,Male,07.11.1989,5.10014E+15,40.0039328,-8.5808436
3,Elizabeth Ferrillio,eferrillio2@latimes.com,Female,19.03.1982,3.53777E+15,10.3307399,123.8822107
,Wesley Gathwaite,wgathwaite3@eepurl.com,Male,02.12.1990,3.58325E+15,45.6409009,14.8633128
5,Malvina Coonihan,mcoonihan4@constantcontact.com,Female,28.08.2005,3.52883E+15,43.2,82.63333
6,Barnie Dulany,bdulany5@abc.net.au,Male,15.09.1982,3.55273E+15,18.1559131,-77.7652346
7,Dacey Floris,dfloris6@columbia.edu,Female,06.02.1996,6.76348E+16,54.0058465,17.7763729
8,Marten Edworthie,medworthie7@bloglovin.com,Male,07.02.1990,3.54139E+15,16.3112941,104.8221147
9,Valentine Couling,vcouling8@hhs.gov,Male,14.05.1999,3.58047E+15,-7.2538172,-79.129784
10,Kriste Beardsdale,kbeardsdale9@imgur.com,Female,13.08.2005,6.70692E+17,-25.99566,28.1971031
11,Cordy Joselevitz,cjoselevitza@icio.us,Male,15.03.1982,6.38321E+15,5.9779631,-0.0886948
12,Philly Fallon,pfallonb@tripadvisor.com,Female,06.06.1982,2.01741E+14,-1.4493473,-79.4634825
13,Kevina Jiruch,kjiruchc@army.mil,Female,21.02.1993,3.05407E+13,-31.2657738,-64.460387
14,Eolande Kinnen,ekinnend@amazonaws.com,Female,20.04.1987,5.60223E+18,9.9213559,124.4318122
,Marena Passie,mpassiee@wikimedia.org,Female,24.09.1983,4.84431E+15,4.625907,-75.761865
16,Koren Newart,knewartf@freewebs.com,Female,27.06.1987,5.00766E+15,36.182571,116.768358
17,Cletus Deery,cdeeryg@tripadvisor.com,Male,22.07.2001,4.84461E+15,57.7244811,12.9309989
18,Norrie Sanja,nsanjah@mozilla.com,Male,06.10.1986,3.54529E+15,-8.1708603,112.6258244
19,Sandy Van der Krui,svani@last.fm,Male,22.08.1999,2.01668E+14,50.6375507,17.8149641
20,Honor Kirckman,hkirckmanj@amazon.co.uk,Female,28.06.1984,3.57486E+15,52.0564395,20.0873091
21,Genny McIvor,gmcivork@tripadvisor.com,Female,15.03.1991,5.26193E+15,-8.7176937,115.5625434
22,Jess Piddletown,jpiddletownl@nps.gov,Male,25.09.1996,4.93602E+17,44.151742,125.8395731
23,Reider Romei,rromeim@infoseek.co.jp,Male,07.02.1999,3.55899E+15,18.3051999,-77.3539774
24,Chrisse Cade,ccaden@zdnet.com,Male,04.09.2002,3.52994E+15,-7.9780918,112.8007246
25,Marilin Mitchall,mmitchallo@ifeng.com,Female,13.12.1993,3.54646E+15,28.322781,-81.3912772
26,Nalani Aspy,naspyp@theguardian.com,Female,02.10.1997,6.3973E+15,53.905048,27.5393261
27,Urbanus Churms,uchurmsq@weibo.com,Male,20.05.1982,3.54077E+15,60.1982825,29.6753924
28,Ibby Manketell,imanketellr@blogger.com,Female,11.08.2003,3.5538E+15,57.3579277,61.6905815
29,Sunny Southworth,ssouthworths@ning.com,Female,11.05.1983,3.74284E+14,50.7254936,-113.9749472
30,Tabbi Grindall,tgrindallt@usatoday.com,Female,28.08.1983,3.55964E+15,34.92357,36.48598
31,Almire Fardell,afardellu@loc.gov,Female,15.11.1985,5.00766E+15,43.6971283,44.2085511
32,Brandi Laffin,blaffinv@lulu.com,Female,22.09.1987,5.00766E+15,49.476996,0.1639479
33,Glyn Justun,gjustunw@ustream.tv,Female,18.07.1984,5.03818E+17,38.86,-76.99
34,Salvador Itzak,sitzakx@oakley.com,Male,04.07.2000,5.04838E+15,-6.4698758,107.4780383
35,Graeme Benedyktowicz,gbenedyktowiczy@blogspot.com,Male,01.04.2004,3.53635E+15,5.4724418,95.624767
36,Ethelbert Branney,ebranneyz@reddit.com,Male,17.06.1982,5.60222E+15,-34.6090822,-56.3628409
37,Whitman Budgey,wbudgey10@reference.com,Male,28.07.1988,2.01874E+14,-8.4031608,114.3371145
38,Tybalt Gozzett,tgozzett11@go.com,Male,20.09.1989,2.01566E+14,14.824285,-85.9330098
39,Huey Bilston,hbilston12@addtoany.com,Male,19.04.1994,5.2902E+15,51.0888487,24.526718
40,Salmon Kadwallider,skadwallider13@google.de,Male,27.07.2005,3.5827E+15,13.6986477,30.3723741
41,Coralyn Varren,cvarren14@ycombinator.com,Female,22.06.1982,5.61096E+15,45.0738432,-67.0530897
42,Helena De Fries,hde15@indiatimes.com,Female,13.09.2001,3.57309E+15,49.6287673,23.6955367
43,Roscoe Carlucci,rcarlucci16@alexa.com,Male,09.01.1999,5.40969E+15,12.65179,-1.888756
44,Clarance Dudbridge,cdudbridge17@hatena.ne.jp,Male,04.07.1988,6.3311E+18,45.506995,124.292626
45,Arnoldo Shawley,ashawley18@livejournal.com,Male,30.03.1991,5.10876E+15,49.4992,-98.00156
46,Roderic Hellyer,rhellyer19@symantec.com,Male,10.01.1986,3.57344E+15,-23.8182859,-46.0851681
47,Miles Fitzroy,mfitzroy1a@si.edu,Male,18.01.1987,3.53223E+15,51.0692,114.7465
48,Emilee Savins,esavins1b@goo.gl,Female,05.06.2001,2.01507E+14,-41.172184,-71.437354
49,Baxy Duke,bduke1c@wikispaces.com,Male,05.08.1989,4.91721E+15,18.2464685,42.5117238
50,Shelbi Leither,sleither1d@wix.com,Female,24.04.1994,3.55277E+15,24.922044,118.223965
51,Farrel Dunguy,fdunguy1e@apache.org,Male,23.08.1982,4.50887E+15,50.1206081,16.4894818
52,Carey Kelemen,ckelemen1f@msn.com,Female,11.01.1984,3.55385E+15,41.3999288,-8.6637745
53,Cordell Leebeter,cleebeter1g@sbwire.com,Male,07.10.1998,4.91187E+17,50.4145342,23.2170296
54,Marchall Norway,mnorway1h@tinyurl.com,Male,07.08.2005,6.3311E+18,51.1644956,18.2903712
55,Dennie Dumingos,,Female,04.02.1995,3.37941E+14,38.6382751,-8.9095861
56,Starlene Lenox,slenox1j@si.edu,Female,07.09.2002,4.40516E+15,-6.3517979,106.1078627
57,Jamil Litzmann,jlitzmann1k@deviantart.com,Male,15.07.2003,3.53197E+15,-31.4540779,-64.1673375
58,Bettine Alyoshin,balyoshin1l@devhub.com,Female,05.04.1984,3.52817E+15,2.9329721,101.6259842
59,Thomasin Eberts,teberts1m@prlog.org,Female,28.10.1998,3.55702E+15,40.4938437,-8.4743511
60,Ardelle Stolli,astolli1n@japanpost.jp,Female,18.08.1986,6.75935E+17,39.96,-83
61,Margareta Tabner,mtabner1o@ehow.com,Female,31.10.1983,6.30474E+16,19.2262055,108.6824066
62,Casey Ouchterlony,couchterlony1p@friendfeed.com,Female,21.12.1980,3.57271E+15,27.791959,-82.723924
63,Tate Gerren,,Male,25.12.1993,3.01589E+13,29.1696666,48.1175767
64,Todd Rase,trase1r@amazon.co.jp,Male,28.02.1988,3.74288E+14,54.875414,37.2052788
65,Ken Stithe,kstithe1s@aol.com,Male,04.01.1990,5.02051E+17,41.6262043,-7.5092352
66,Mara Mumby,mmumby1t@foxnews.com,Female,03.05.1985,3.53968E+15,42.735656,121.8107
67,Brnaba Boath,bboath1u@nhs.uk,Male,20.08.1982,3.7039E+14,13.8038957,100.647812
68,Sharlene Scruton,sscruton1v@hp.com,Female,26.09.1989,6.709E+17,33.195993,105.606648
69,Meade Jancar,mjancar1w@woothemes.com,Female,18.06.1986,3.54532E+15,10.2020988,123.7530831
70,Keary McKeveney,kmckeveney1x@google.com,Male,03.11.2000,6.76288E+17,-8.5697306,123.3991028
71,Nils Pugsley,npugsley1y@huffingtonpost.com,Male,25.02.1998,4.99791E+15,59.924661,30.3865325
72,Donni Sollom,dsollom1z@posterous.com,Female,20.01.2001,3.03428E+13,23.342031,113.106055
73,Willi Seward,wseward20@sbwire.com,Female,07.08.1990,3.53931E+15,12.5968345,-85.7641013
74,Gates Blaydon,gblaydon21@oakley.com,Female,01.06.1991,6.76199E+17,9.8411782,123.9121342
75,Raoul Vain,rvain22@skyrock.com,Male,01.05.1983,5.10875E+15,15.8112182,120.7479539
76,Udall MacIntyre,umacintyre23@smh.com.au,Male,06.01.2003,3.53703E+15,24.385642,102.554313
77,Carlina Sesons,csesons24@ucoz.ru,Female,19.12.2003,3.58674E+15,37.1212974,79.9088564
78,Crissy Else,celse25@squarespace.com,Female,27.12.1980,3.54942E+15,49.6782112,13.2227563
79,Candida Gillbee,cgillbee26@dion.ne.jp,Female,06.06.1998,2.01692E+14,21.856289,103.3413048
80,Yvon Goldie,ygoldie27@cbc.ca,Male,04.04.1993,3.53313E+15,37.8996732,139.2013381
81,Ange Pavelin,apavelin28@sitemeter.com,Female,01.12.1987,3.54559E+15,40.941983,19.6996428
82,Tera Terrill,tterrill29@webs.com,Female,04.10.1989,6.3311E+15,26.006775,104.512603
83,Ripley Kiossel,rkiossel2a@parallels.com,Male,04.12.2001,5.10017E+15,49.19177,16.7714628
84,Konstantine Clarey,kclarey2b@ning.com,Male,17.04.1998,3.04577E+13,32.4279191,13.6420599
85,Berti Stormes,bstormes2c@clickbank.net,Female,18.06.1993,5.3479E+15,34.995728,104.655337
86,Isidoro MacRory,,Male,18.11.1995,5.10014E+15,50.119593,12.3484445
87,Theodosia Ibbitson,tibbitson2e@google.es,Female,12.04.1999,3.54851E+15,-5.7852461,-35.3288131
88,Terrell Aburrow,taburrow2f@list-manage.com,Male,18.07.2001,5.36103E+15,14.233333,44.25
89,Nelle Killeen,nkilleen2g@ca.gov,Female,12.10.1999,3.58093E+15,48.9167257,2.3179316
90,Poppy Wythill,pwythill2h@comcast.net,Female,02.06.1993,6.76303E+15,52.56166,17.82264
91,Town Drohan,tdrohan2i@ibm.com,Male,15.11.2005,5.26149E+15,31.0549151,31.380243
92,Pedro Kincaid,pkincaid2j@ca.gov,Male,14.11.1982,5.60225E+15,53.7683238,18.1130662
93,Lance Playden,lplayden2k@weebly.com,Male,17.01.1989,3.37942E+14,49.2712859,112.4952454
94,Ivonne Milburne,imilburne2l@homestead.com,Female,11.10.2003,6.77187E+16,40.628952,122.511257
95,Lurline Chetwynd,lchetwynd2m@hexun.com,Female,09.09.2004,4.0416E+12,8.5703071,150.4189148
96,Kamillah Gumley,kgumley2n@state.tx.us,Female,04.09.1989,3.57601E+15,23.528764,116.642424
97,Cristobal Hellwich,chellwich2o@businessweek.com,Male,07.03.1992,3.56794E+15,0.2213005,99.634135
98,Marianne Maly,mmaly2p@archive.org,Female,05.01.1999,2.01567E+14,-7.4256215,108.2080973
99,Baxter Keningham,bkeningham2q@oakley.com,Male,06.01.1998,3.57802E+15,34.4822519,66.2724183
100,Kent Gilburt,kgilburt2r@networkadvertising.org,Male,31.12.1999,3.72301E+14,37.955893,23.7020975
101,Quinton Bockings,qbockings2s@google.com.hk,Male,24.02.2003,3.57952E+15,22.1461138,-78.9712451
102,Kay Gration,kgration2t@geocities.com,Female,24.10.2003,5.44953E+15,46.625456,16.3144961
103,Iona Chsteney,ichsteney2u@blinklist.com,Female,24.06.1985,3.5457E+15,43.492878,82.415548
104,Georgette Viles,gviles2v@blogspot.com,Female,22.12.1989,5.60223E+15,29.67832,109.144929
105,Charmaine Antoszczyk,cantoszczyk2w@squarespace.com,Female,04.05.1999,3.54913E+15,24.366556,116.697433
106,Palmer Mergue,pmergue2x@etsy.com,Male,15.05.2004,3.54954E+15,51.71667,126.63333
107,Nicolle Klaas,nklaas2y@oracle.com,Female,28.05.1996,3.55871E+15,23.1497287,113.3227193
108,Porty MacMurray,pmacmurray2z@usnews.com,Male,06.10.1999,6.38101E+15,40.1598524,116.8212507
109,Christian Featherstonhaugh,,Male,30.04.2005,5.61006E+15,35.2285451,128.8893517
110,Lewes Baldung,lbaldung31@google.com.au,Male,10.12.1982,3.55814E+15,44.7083615,40.8701216
111,Jessee Borzone,jborzone32@mayoclinic.com,Male,07.05.2001,6.33379E+18,13.5074239,120.9274735
112,Hakim Wilcox,hwilcox33@rediff.com,Male,14.10.1993,3.5281E+15,14.1899344,-87.3314264
113,Lyssa Fathers,lfathers34@joomla.org,Female,13.09.1985,6.30473E+18,-22.9506902,-42.0366974
114,Ranee Pyner,rpyner35@wordpress.org,Female,09.04.1986,5.60226E+15,59.2420906,18.1015207
115,Bengt Sudddard,bsudddard36@dedecms.com,Male,14.11.1990,3.58612E+15,39.0054084,21.6386381
116,Osborne Baudinelli,obaudinelli37@cdbaby.com,Male,07.02.1994,3.58899E+15,27.9937685,120.6784858
117,Puff Gotcliffe,pgotcliffe38@a8.net,Male,09.05.1987,3.58925E+15,44.5590244,4.7447501
118,Madeline Plane,mplane39@networkadvertising.org,Female,09.03.1995,5.60221E+16,16.6053508,-15.348246
119,Katya MattiCCI,kmatticci3a@macromedia.com,Female,27.01.1999,4.01796E+12,34.9588458,33.466379
120,Gray Dallas,gdallas3b@gravatar.com,Male,04.03.2004,3.52907E+15,8.955271,126.009711
121,Alexine Bonhomme,abonhomme3c@marketwatch.com,Female,03.06.1996,6.33383E+15,35.0354386,9.4839392
122,Cordelia Varnham,cvarnham3d@acquirethisname.com,Female,20.02.2001,3.55789E+15,-25.5376671,-55.9901675
123,Arri Sissel,asissel3e@slate.com,Male,16.07.1995,3.74622E+14,15.8,43.333333
124,Hiram Buckenhill,hbuckenhill3f@123-reg.co.uk,Male,19.03.1993,5.03862E+16,38.4499141,141.3800956
125,Doe Giggs,dgiggs3g@newsvine.com,Female,20.08.1995,6.37563E+15,47.2195152,-1.5651373
126,Desmond Haffard,dhaffard3h@rambler.ru,Male,14.12.1985,3.58145E+15,14.6611789,121.0226827
127,Jasen Staner,jstaner3i@rambler.ru,Male,08.11.2004,5.64182E+15,40.6485476,22.9565995
128,Ellary Foston,efoston3j@digg.com,Male,14.03.2005,3.55691E+15,30.297791,111.500774
129,Matt Fairley,mfairley3k@e-recht24.de,Male,06.04.1999,3.53178E+15,-7.2505074,107.7928499
130,Laureen Tilte,ltilte3l@pinterest.com,Female,08.11.1988,5.03857E+16,9.5113187,-75.3761952
131,Farlay Lambeth,flambeth3m@google.fr,Male,22.02.1981,3.73999E+14,36.0802326,-86.8320743
132,Hayley Feldon,hfeldon3n@livejournal.com,Female,30.08.1995,3.56125E+15,29.260885,109.735642
133,Roxine Godber,rgodber3o@google.ru,Female,20.06.1987,3.53221E+15,59.83453,15.6905435
134,Elly Craisford,ecraisford3p@pen.io,Female,17.11.1988,5.60224E+15,-7.2157251,107.901989
135,Lydie Massinger,lmassinger3q@google.cn,Female,03.06.1980,3.57122E+15,40.708873,-74.0093553
136,Yvonne Giordano,ygiordano3r@cbslocal.com,Female,12.08.1996,4.89415E+15,57.4694803,-3.1269422
137,Virgina Tanfield,vtanfield3s@disqus.com,Female,14.06.1994,5.60223E+15,0.355636,37.5833061
138,Quint Nekrews,qnekrews3t@e-recht24.de,Male,17.09.1998,3.53049E+15,30.2638032,102.8054753
139,Jory Ryde,jryde3u@exblog.jp,Male,16.11.2000,3.61013E+13,34.319658,104.562412
140,Edd Goring,egoring3v@usda.gov,Male,11.05.1982,5.61033E+18,54.6,24.16667
141,Andi Lichfield,alichfield3w@shutterfly.com,Female,12.05.2004,5.60224E+15,31.1707547,121.3963702
142,Otho Diver,odiver3x@liveinternet.ru,Male,12.08.2001,5.6106E+15,-7.6435908,111.3754214
143,Gardener Clampin,gclampin3y@elegantthemes.com,Male,15.10.1992,4.91376E+15,-4.0447102,121.6511258
144,Edwina O'Heneghan,eoheneghan3z@ibm.com,Female,16.01.2003,3.57852E+15,34.8323566,33.5895956
145,Munmro Raiman,mraiman40@reddit.com,Male,03.01.2004,4.01795E+12,6.2012073,-1.6912512
146,Jeanette Pear,jpear41@geocities.jp,Female,30.03.2003,6.7622E+15,36.1364291,139.3741999
147,Magnum Kidson,mkidson42@ucoz.com,Male,29.06.2001,3.53375E+15,13.3846598,-88.5045477
148,Viv Borgars,vborgars43@google.com.br,Female,12.05.1999,2.01977E+14,41.0377245,21.3300873
149,Lorne Spelling,lspelling44@constantcontact.com,Male,28.04.1981,5.61082E+17,48.589056,2.2458778
150,Mack McCarter,mmccarter45@who.int,Male,26.02.1988,3.53566E+15,35.356644,111.22472
151,Rahal Niess,rniess46@foxnews.com,Female,19.05.1996,5.60225E+18,39.9041999,116.4073963
152,Armand Noot,anoot47@cyberchimps.com,Male,21.06.2002,5.64183E+18,45.116904,42.503334
153,Adair Crighten,acrighten48@liveinternet.ru,Male,12.05.1995,5.12413E+15,30.291745,122.202207
154,Eulalie Leisk,eleisk49@ca.gov,Female,08.11.2003,3.58361E+15,45.3689432,-73.5408926
155,Dallon Stoakes,dstoakes4a@si.edu,Male,11.05.2004,3.57309E+15,-8.0663604,113.4418908
,Burton Daniels,bdaniels4b@google.ru,Male,18.04.1981,3.53794E+15,36.3688889,25.4633333
157,Appolonia Sarfat,asarfat4c@google.fr,Female,09.09.1994,3.53212E+15,-34.610303,-58.410092
158,Ingram Paddell,ipaddell4d@etsy.com,Male,30.10.1990,6.30477E+18,21.2648137,104.6427499
159,Cecilius Aslott,caslott4e@whitehouse.gov,Male,20.08.2000,3.53786E+15,18.0616657,37.8087693
160,Lucienne Cains,lcains4f@cocolog-nifty.com,Female,08.11.1987,4.50821E+15,5.5047222,153.7133333
161,Kelvin Greenfield,kgreenfield4g@businessweek.com,Male,25.04.2000,3.74622E+14,42.1256751,23.1315864
162,Steffie Bainbridge,sbainbridge4h@princeton.edu,Female,20.10.1999,3.54316E+15,51.2445632,15.097319
163,Brandon Randales,brandales4i@ebay.co.uk,Male,05.07.2005,5.60222E+16,-26.2324014,-51.07813
164,Shirlee Jeanenet,sjeanenet4j@typepad.com,Female,04.07.1988,5.41452E+15,-26.58041,-59.63094
165,Merrill Ramirez,,Female,24.07.1998,3.77089E+14,13.7832268,120.9891643
166,Yul Staning,ystaning4l@berkeley.edu,Male,24.10.1983,3.535E+15,7.313755,38.0895886
167,Ximenez Costa,xcosta4m@ovh.net,Male,20.08.1996,3.05081E+13,53.2458822,46.256124
168,Walton Pedlingham,wpedlingham4n@seesaa.net,Male,20.09.1998,4.17501E+15,38.02,-122.55
169,Sherwood Hanselmann,shanselmann4o@gmpg.org,Male,28.01.1995,3.58484E+15,59.6715102,12.6108644
170,Noellyn Duthie,nduthie4p@alexa.com,Female,15.11.1984,3.55062E+15,41.551649,-8.5906434
171,Jeane Kilfeder,jkilfeder4q@nyu.edu,Female,01.05.1987,3.57983E+15,39.3547141,67.8569785
172,Tobias Petchey,tpetchey4r@dmoz.org,Male,22.03.1994,5.56391E+15,32.147679,114.091192
173,Misti Coggins,mcoggins4s@soundcloud.com,Female,06.04.1985,5.64183E+15,60.261145,20.7891235
174,Arnaldo Titcomb,,Male,31.03.1992,5.40915E+15,45.3859182,-71.936914
175,Ade Sterland,asterland4u@sun.com,Male,10.07.1982,3.02545E+13,56.3170109,43.994909
176,Tessie Weekes,tweekes4v@howstuffworks.com,Female,02.07.1997,3.55176E+15,23.296786,113.823135
177,Edythe Exell,eexell4w@geocities.jp,Female,06.07.1988,4.91385E+15,18.1752248,-77.0881034
178,Casi Leadbitter,cleadbitter4x@flavors.me,Female,20.03.1999,5.60223E+15,40.13652,124.395757
179,Neron Langrick,nlangrick4y@free.fr,Male,17.08.1986,3.55537E+15,27.95793,109.589666
180,Trev Wickling,twickling4z@technorati.com,Male,15.03.1992,4.84418E+15,49.8508,-100.93262
181,Cody Starmore,cstarmore50@seattletimes.com,Male,20.07.1993,5.34459E+15,-8.1373579,112.0008734
182,Port Figge,pfigge51@freewebs.com,Male,16.03.2002,3.54888E+15,44.1316723,15.1038874
183,Rubi Prevett,rprevett52@va.gov,Female,23.05.1993,4.84433E+15,47.1666507,8.2894205
184,Minette Gallety,mgallety53@stanford.edu,Female,05.09.1998,3.5338E+15,31.2303904,121.4737021
185,Mischa Hazael,mhazael54@histats.com,Male,09.03.1984,6.7638E+17,40.0634518,44.4410909
186,Barney Dalman,bdalman55@histats.com,Male,13.09.1996,3.60861E+13,-10.5125,121.8513
187,Roby Midford,rmidford56@yellowpages.com,Female,26.12.1993,3.37942E+14,-32.5906095,27.8838873
188,Elsa Tidswell,etidswell57@ehow.com,Female,01.12.2002,3.56258E+15,29.8483192,31.3368529
189,Sherrie Parzizek,sparzizek58@opera.com,Female,20.03.1991,5.60226E+15,-6.7128814,106.838158
190,Bail De Hooge,bde59@mysql.com,Male,23.01.1991,3.53583E+15,32.735468,-16.792927
191,Wood Hedditeh,whedditeh5a@wikispaces.com,Male,21.10.1988,4.36429E+12,38.8991558,-77.0380148
192,Adlai Gainsbury,againsbury5b@forbes.com,Male,28.06.1988,3.53596E+15,15.9814118,120.8071339
193,Jillane Weond,jweond5c@youtu.be,Female,26.04.1997,3.54237E+15,38.808984,22.6461855
194,Paulita Cowles,pcowles5d@themeforest.net,Female,07.10.1987,2.01731E+14,28.607879,119.435806
195,Ruthe Carrane,rcarrane5e@wikispaces.com,Female,26.06.2000,5.89369E+17,13.09573,103.2022055
196,Bernardine Euplate,beuplate5f@oracle.com,Female,09.06.1994,6.0474E+14,45.346466,-75.807881
197,Leyla Capstake,lcapstake5g@baidu.com,Female,14.12.2003,6.33362E+15,-10.7072554,22.22946
198,Nikola Gordge,ngordge5h@rediff.com,Male,30.09.1985,3.58518E+15,37.8505169,140.6001539
199,Hector Docker,hdocker5i@biblegateway.com,Male,17.10.2000,3.57186E+15,36.334104,113.228852
200,Dur Glyne,dglyne5j@cnet.com,Male,06.11.1990,3.54398E+15,30.701369,111.98348
201,Maddy Paule,mpaule5k@theatlantic.com,Female,15.11.1992,6.7613E+17,50.9040233,17.8430924
202,Elka Danelet,,Female,03.04.1990,4.91739E+15,54.0026343,-6.4202878
203,Forster Twinbrow,ftwinbrow5m@forbes.com,Male,16.03.1996,3.57565E+15,-8.0941273,112.274168
204,Theresita Galea,tgalea5n@pcworld.com,Female,24.02.1992,4.40565E+15,19.3267846,-98.9145313
205,Baxy Georgeson,bgeorgeson5o@sakura.ne.jp,Male,22.04.2001,5.50997E+15,32.015833,34.787384
206,Owen Dillway,odillway5p@delicious.com,Male,09.05.2000,5.03811E+17,19.5230587,-71.923832
207,Armand Kunc,akunc5q@shop-pro.jp,Male,21.03.1984,4.04138E+12,32.187849,119.425836
208,Thorstein Abrahamoff,tabrahamoff5r@phpbb.com,Male,12.07.1995,3.05162E+13,44.6208353,21.1842054
209,Forest Greaves,fgreaves5s@sohu.com,Male,29.09.1998,5.00767E+15,59.362551,18.0343914
210,Charisse Skelly,cskelly5t@jugem.jp,Female,13.02.1995,5.60225E+15,54.2139021,21.5226322
211,Boycey Pattrick,bpattrick5u@imgur.com,Male,22.03.1997,5.64183E+18,42.3728288,47.3773853
212,Jules Larvin,jlarvin5v@marketwatch.com,Male,26.09.1985,3.55548E+15,23.276324,113.57676
,Roze Abbate,rabbate5w@desdev.cn,Female,04.01.1989,3.74622E+14,19.4779768,-99.1771001
214,Armstrong Bold,abold5x@lycos.com,Male,29.07.2000,6.0457E+14,9.338241,-66.2575425
215,Jsandye Dorton,jdorton5y@surveymonkey.com,Female,17.09.1998,3.57756E+15,4.682198,9.3215345
216,Chelsy Brent,cbrent5z@slideshare.net,Female,12.04.1989,2.01884E+14,39.4721645,-8.5034561
217,Lester Furse,lfurse60@ihg.com,Male,01.03.2000,3.52983E+15,56.546084,13.7445655
218,Saunder Czadla,sczadla61@thetimes.co.uk,Male,17.10.1998,4.91369E+15,-27.0052075,-51.154395
219,Casper Clearie,cclearie62@elpais.com,Male,12.02.1989,3.57512E+15,-7.7232567,113.4686802
220,Jeromy Dunkerton,,Male,22.11.1980,4.91328E+15,-31.646394,-63.760259
,Lee Firebrace,lfirebrace64@mapquest.com,Male,11.04.1995,3.54397E+15,35.6958419,139.5530816
222,Celesta Traill,ctraill65@phpbb.com,Female,18.11.1995,3.55074E+15,7.54326,126.0733316
223,Iolanthe Triplett,itriplett66@prweb.com,Female,20.09.1982,5.60224E+17,39.9947462,116.3397725
224,Nels Pina,npina67@nydailynews.com,Male,15.09.2002,3.54313E+15,1.058464,-77.5661219
225,Hilton Zarfai,hzarfai68@webnode.com,Male,31.12.1989,5.10017E+15,-6.7663,105.9234
226,Estrellita Ashby,eashby69@feedburner.com,Female,11.07.2005,3.53613E+15,28.97844,117.151796
227,Lynette Lampitt,llampitt6a@geocities.jp,Female,02.10.1984,5.60225E+16,42.5246357,87.5395855
228,Dav Krysztofowicz,dkrysztofowicz6b@loc.gov,Male,18.06.1984,3.55635E+15,47.25,-122.44
229,Madelin Rohlf,mrohlf6c@archive.org,Female,01.12.1992,3.58387E+15,47.247125,127.1219196
230,Wilfred Hawkswell,whawkswell6d@merriam-webster.com,Male,30.10.2001,5.00766E+15,-9.7923047,124.4669566
231,Ossie Camies,ocamies6e@addthis.com,Male,08.09.1988,6.33498E+18,52.959496,21.0954627
232,Bo Laven,blaven6f@cdc.gov,Male,21.05.1996,5.04838E+15,14.7121689,-88.0876336
233,Candida O'Loughnan,coloughnan6g@nifty.com,Female,12.01.1991,5.15205E+15,66.0733463,33.0544476
234,Ealasaid Groome,egroome6h@lulu.com,Female,18.01.1992,3.66247E+13,20.1713723,94.8702156
235,Bastian Lemerle,blemerle6i@linkedin.com,Male,01.02.2005,3.53953E+15,25.689215,100.163155
236,Jorrie Beckerleg,jbeckerleg6j@toplist.cz,Female,13.09.1980,3.5647E+15,41.4358155,-8.3999197
237,Harcourt Errey,herrey6k@privacy.gov.au,Male,13.02.2001,6.30412E+18,39.9721425,69.8597406
238,Anallise Hischke,ahischke6l@cdbaby.com,Female,07.10.2002,6.75958E+17,-7.2538172,-79.129784
239,Emiline Mac Giolla Pheadair,emac6m@arizona.edu,Female,20.11.1987,3.58114E+15,-29.5904737,-51.3738524
240,Bernie Kiledal,bkiledal6n@abc.net.au,Female,22.07.2005,6.77187E+16,-46.117645,168.9313628
241,Pren Schimoni,pschimoni6o@webs.com,Male,07.07.2005,3.57777E+15,-7.4400668,108.6561601
242,Netty Rycraft,nrycraft6p@ihg.com,Female,25.10.1987,3.54947E+15,55.7193861,37.7808815
243,Wald Shearmer,wshearmer6q@goodreads.com,Male,29.05.1991,3.37942E+14,-0.6004131,100.6534443
244,Marlin Sargent,msargent6r@cnn.com,Male,24.08.1992,3.5633E+15,28.003553,96.657898
245,Ax Williamson,awilliamson6s@hexun.com,Male,10.10.1986,3.58638E+15,27.568278,117.562238
246,Sim Gittings,sgittings6t@wikimedia.org,Male,26.02.1984,2.01556E+14,30.02598,111.850777
247,Rachel Onn,ronn6u@sakura.ne.jp,Female,17.08.1991,5.47065E+15,41.551649,-8.5906434
248,Devy Wintringham,dwintringham6v@is.gd,Male,19.10.1993,4.9134E+15,12.7797397,101.6490959
249,Garwood Delgado,gdelgado6w@dagondesign.com,Male,03.01.1981,6.76229E+17,-7.9655412,110.6008827
250,Lucia Addams,laddams6x@tmall.com,Female,11.04.2004,3.691E+13,52.3119225,19.0849647
251,Demetri Cowley,dcowley6y@photobucket.com,Male,20.07.1980,4.81658E+15,9.3466822,2.6090043
252,Dallas Bendan,dbendan6z@discuz.net,Female,07.08.1983,5.61014E+15,29.1560917,16.1463317
253,Lonny Ash,lash70@sbwire.com,Male,21.10.2005,4.91789E+15,48.7233569,14.6338236
254,Eleonora Barth,ebarth71@phpbb.com,Female,27.08.2003,4.02635E+15,32.3569577,119.3587638
255,Shandee Lodevick,slodevick72@tmall.com,Female,19.07.1989,4.0416E+12,48.1417959,23.8730183
256,Gery Redgate,gredgate73@comcast.net,Male,28.02.1982,5.64183E+15,30.5547139,-84.0801613
257,Cathe Jacmard,cjacmard74@sun.com,Female,21.04.1996,5.60222E+15,-7.2527403,107.8774664
258,Ansell Reijmers,areijmers75@mit.edu,Male,02.07.1984,3.57276E+15,22.170437,111.791539
259,Nomi Roberts,nroberts76@irs.gov,Female,27.02.1995,3.57607E+15,-8.1938024,111.0847891
260,Yorke Wands,ywands77@miibeian.gov.cn,Male,10.03.2001,6.33485E+18,57.8857887,12.3260421
261,Megan Hele,mhele78@newyorker.com,Female,02.05.1990,3.5619E+15,-6.0329665,26.9263671
,Costa Viste,cviste79@furl.net,Male,16.10.1990,3.58961E+15,-6.5881066,105.6823124
263,Hillard Wessing,hwessing7a@whitehouse.gov,Male,16.06.2002,3.57866E+15,39.296173,113.690698
264,Row Gaitskell,rgaitskell7b@google.co.jp,Female,03.03.1983,6.75959E+15,37.8756819,21.2666794
265,Brynn Truss,btruss7c@scientificamerican.com,Female,10.05.1993,2.01438E+14,59.0069977,54.6643867
266,Berty Andraud,bandraud7d@stumbleupon.com,Male,26.10.2003,3.53907E+15,32.2785242,14.5189214
267,Wilburt Dockrell,wdockrell7e@cocolog-nifty.com,Male,09.02.1986,3.54248E+15,13.9603097,120.6382357
268,Arleta Panyer,apanyer7f@google.cn,Female,15.09.1992,2.01732E+14,32.9340471,-5.661571
269,Tynan Greggs,tgreggs7g@icq.com,Male,11.12.1987,3.57135E+15,57.0604037,63.7407347
270,Lexie Van der Velde,lvan7h@uol.com.br,Female,19.02.2002,3.55299E+15,35.0743086,134.8867891
271,Kerwin Loudyan,,Male,26.03.2003,3.74283E+14,22.543096,114.057865
272,Harland Hutcheon,hhutcheon7j@umich.edu,Male,28.06.2001,5.23022E+15,-7.5450262,111.6556388
273,Fanya Romer,fromer7k@studiopress.com,Female,17.10.1983,3.74288E+14,49.2216972,17.3562648
274,Gabriele Motte,gmotte7l@imdb.com,Male,05.01.2002,5.4514E+15,14.4409724,120.9950071
275,Jobye Marty,jmarty7m@discuz.net,Female,29.04.1983,6.76308E+15,-8.3020216,112.4827889
276,Ned Stenson,nstenson7n@opera.com,Male,23.11.1995,4.0416E+12,47.5113895,1.820875
277,Charmine Bartalucci,cbartalucci7o@ftc.gov,Female,11.03.2001,5.56322E+15,10.103645,123.6419711
278,Cobby Hukins,chukins7p@independent.co.uk,Male,17.04.2001,3.55462E+15,13.1789151,123.7396635
279,Gerry Lamprecht,glamprecht7q@mashable.com,Male,16.03.1997,6.39561E+15,-11.8991825,33.5923941
280,Moina McKinie,mmckinie7r@eventbrite.com,Female,14.06.1980,3.53351E+15,27.569678,116.63704
281,Terrill Calvey,tcalvey7s@foxnews.com,Male,29.10.2002,3.56481E+15,14.7464846,121.0764017
282,Fulvia Stirling,fstirling7t@cnbc.com,Female,23.11.1992,3.56525E+15,50.2072224,23.5464675
283,Leela Hardage,lhardage7u@simplemachines.org,Female,17.11.1992,6.76129E+18,-6.4185424,106.8502879
284,Ennis Craigheid,ecraigheid7v@posterous.com,Male,23.07.1999,5.10014E+15,15.93786,48.7864
285,Willy Tefft,wtefft7w@live.com,Female,20.01.1992,6.75963E+18,2.7697259,-60.7126625
286,Rutledge Leathart,rleathart7x@odnoklassniki.ru,Male,12.08.2001,3.53699E+15,45.304073,130.980894
287,Joey Colbrun,jcolbrun7y@dropbox.com,Male,09.12.1987,3.58257E+15,-3.059218,128.1903079
288,Valentine Carde,vcarde7z@canalblog.com,Female,30.09.1994,3.54254E+15,53.771559,38.1392615
289,Cyrillus Slyde,cslyde80@loc.gov,Male,16.05.2005,3.05347E+13,56.7477877,37.1492786
,Dilly Duckels,dduckels81@nifty.com,Male,08.12.1999,3.53706E+15,33.86,115.484454
291,Lanny Fusedale,lfusedale82@cnet.com,Female,26.06.1987,3.5315E+15,50.5664031,19.5697659
292,Malanie Harnor,mharnor83@ed.gov,Female,05.01.1987,3.5357E+15,26.893368,112.572018
293,Susi Bexley,sbexley84@aol.com,Female,26.04.1987,6.76178E+17,32.12214,35.17173
294,Theodore Osban,tosban85@skype.com,Male,10.03.2005,4.93688E+18,10.8088919,123.0428489
295,Brit Dowdney,bdowdney86@tamu.edu,Male,04.08.2000,3.64709E+13,-20.2418916,57.4895998
296,Kariotta Dibben,kdibben87@wisc.edu,Female,10.12.2000,3.56984E+15,51.0846,39.9972
297,Turner Scolding,tscolding88@imageshack.us,Male,27.09.2005,6.7673E+15,-22.8456877,-45.2302005
298,Catie O' Markey,co89@auda.org.au,Female,29.12.1981,5.60225E+15,65.2958948,21.3194467
299,Megen Deex,mdeex8a@toplist.cz,Female,07.04.1986,5.61006E+15,51.7173795,15.4240467
300,Herold Webber,hwebber8b@issuu.com,Male,11.01.1989,5.01013E+15,13.4441374,144.7820914
301,Shaylah Hoys,,Female,22.03.1992,3.5446E+15,49.5207147,23.2065501
302,Polly Maccraw,pmaccraw8d@census.gov,Female,10.02.1989,3.55244E+15,-29.3344108,-49.723909
303,Benedikta Bortoloni,bbortoloni8e@discuz.net,Female,23.10.1980,3.57506E+15,10.4825247,105.4771084
304,Stephine Milberry,smilberry8f@indiegogo.com,Female,27.05.1997,3.57119E+15,-19.8182619,-43.1580426
305,Janaye Reinisch,jreinisch8g@arstechnica.com,Female,31.05.1988,2.0174E+14,23.913205,116.464983
306,Terrye Baseggio,tbaseggio8h@umich.edu,Female,02.01.1991,3.58878E+15,46.4722761,-64.7242645
,Ursa Krolman,ukrolman8i@hao123.com,Female,26.12.1981,3.57722E+15,38.7121599,-9.4356652
308,Petey Impy,pimpy8j@salon.com,Male,27.11.2001,3.53537E+15,47.620391,7.243036
309,Alvinia Kadwallider,akadwallider8k@nyu.edu,Female,24.09.1998,6.70949E+17,-22.9841765,-43.2209394
310,Gasparo Dulen,gdulen8l@wisc.edu,Male,23.10.1999,3.54045E+15,56.1276639,43.0729987
311,Clemence Verchambre,cverchambre8m@twitter.com,Female,24.06.1996,5.02082E+15,10.23333,106.28333
312,Wilow Ludlow,wludlow8n@amazonaws.com,Female,25.02.2000,6.7625E+16,26.394403,111.314117
313,Perceval Hadigate,phadigate8o@va.gov,Male,04.07.1992,3.53555E+15,42.3581499,20.0777218
314,Erv Kellough,ekellough8p@tripod.com,Male,02.12.1999,2.01912E+14,-18.7146874,32.1646708
315,Walt Jagson,wjagson8q@youtu.be,Male,03.08.2002,3.54817E+15,51.7754831,32.2595792
316,Florie Argo,fargo8r@vistaprint.com,Female,13.10.1981,5.60222E+18,8.955271,126.009711
317,Avery Conibere,aconibere8s@feedburner.com,Male,23.05.1998,5.02014E+17,22.266978,113.502213
318,Camala Rait,crait8t@rakuten.co.jp,Female,14.01.1999,3.74283E+14,5.9,6.833333
319,Myrle Donnel,mdonnel8u@spiegel.de,Female,01.12.1995,3.58059E+15,45.052484,4.8398662
320,Lana Dur,ldur8v@businessweek.com,Female,21.11.2001,3.56283E+15,37.8540608,-8.7921961
321,Guss Denton,gdenton8w@youtu.be,Male,16.09.1982,5.10017E+15,44.478341,2.845761
322,Hiram Ewestace,hewestace8x@jimdo.com,Male,10.08.1998,4.91754E+15,-22.0077937,-51.5531899
323,Tanner Dickey,tdickey8y@mayoclinic.com,Male,29.01.1989,3.54007E+15,36.0038131,-78.9387241
324,Izabel Sabie,isabie8z@canalblog.com,Female,22.09.1999,5.40885E+15,-7.870292,140.515106
325,Marlee Hanscom,mhanscom90@quantcast.com,Female,22.09.2000,5.10013E+15,-7.9017349,112.5632485
326,Ignaz Rosen,irosen91@nifty.com,Male,26.03.1981,5.10015E+15,56.7481754,61.3755425
327,Waylin Joly,wjoly92@japanpost.jp,Male,02.07.2001,3.74623E+14,15.6848385,108.1665855
328,Kellie Lebreton,klebreton93@sina.com.cn,Female,01.11.1998,6.37444E+15,20.3278427,-89.6440716
329,Lindsey Josilowski,ljosilowski94@discovery.com,Male,25.09.1986,3.56748E+15,15.0676,43.64213
330,Clevey Janoschek,cjanoschek95@stanford.edu,Male,06.02.1996,3.55027E+15,-8.6986,122.3514
331,Myriam Ivy,mivy96@over-blog.com,Female,25.10.1981,3.5351E+15,31.848896,35.159029
332,Jard Choffin,jchoffin97@g.co,Male,05.05.2002,3.57766E+15,54.5776433,52.4513187
333,Gusta Dunham,gdunham98@1688.com,Female,18.07.1990,3.54552E+15,28.391349,115.299029
334,Darn Bott,dbott99@infoseek.co.jp,Male,28.10.1993,3.0116E+13,41.646065,-8.4826853
335,Lucas Ivanchov,livanchov9a@netvibes.com,Male,24.03.1983,4.93641E+17,34.91914,71.09863
336,Jeanne Willcox,jwillcox9b@icq.com,Female,11.12.1995,3.55713E+15,45.4942402,18.0674023
337,Zacharie Ravens,zravens9c@github.io,Male,19.01.1999,5.58838E+15,-19.54172,169.2803499
338,Artus Barrar,abarrar9d@biblegateway.com,Male,21.11.1996,5.60224E+16,26.630845,106.750625
339,Gail Queree,gqueree9e@ovh.net,Female,08.09.1993,3.53664E+15,59.9420078,30.2307225
340,Valdemar Howchin,vhowchin9f@wordpress.com,Male,18.01.1988,5.60223E+18,36.1592882,-95.9964783
341,Jandy Garry,jgarry9g@wix.com,Female,15.10.1996,4.90383E+18,-34.6492768,-58.4809081
342,Johanna Pepi,jpepi9h@vistaprint.com,Female,27.07.1983,5.60222E+15,26.641315,100.222545
343,Yorgos Flather,yflather9i@springer.com,Male,22.02.1999,6.75934E+15,7.638859,123.198486
344,Larissa Van Waadenburg,lvan9j@pcworld.com,Female,28.02.1985,5.64183E+17,43.9399539,42.7376717
345,Elvis Royal,eroyal9k@ihg.com,Male,11.03.1983,3.55073E+15,0.0851034,-76.8940156
346,Rodge Cohr,rcohr9l@webnode.com,Male,04.01.1986,3.58264E+15,49.1199699,6.1650769
347,Eddy Fosten,efosten9m@shutterfly.com,Male,11.03.2000,5.41019E+15,59.4369608,24.7535747
348,Heath Rymill,hrymill9n@npr.org,Male,24.12.1997,5.60223E+15,-8.2174219,113.5516516
349,Arlie Tamas,atamas9o@cafepress.com,Female,24.10.1983,6.76204E+16,60.994897,71.8982957
350,Mohammed Roe,mroe9p@skyrock.com,Male,05.12.1982,3.57881E+15,6.426373,101.277052
351,Haily Brunsdon,hbrunsdon9q@seesaa.net,Male,20.03.1983,3.55241E+15,32.9901414,-96.8027198
352,Mame Hurrion,mhurrion9r@cnbc.com,Female,09.05.1998,3.5576E+15,36.4303079,-115.5207358
353,Zollie Bremley,zbremley9s@illinois.edu,Male,11.06.1992,2.01564E+14,57.6540663,59.5033087
354,Winthrop Abella,wabella9t@amazon.de,Male,18.04.1999,3.55011E+15,39.5016783,-9.1028729
355,Nev Petegre,npetegre9u@gnu.org,Male,12.06.2004,6.30473E+18,24.884626,104.308675
356,Cecil Malthouse,,Male,07.08.2005,3.54247E+15,-7.2209016,106.962467
357,Matilda Flemyng,mflemyng9w@bloomberg.com,Female,30.01.1999,3.58207E+15,21.6098301,96.1341431
358,Erma Saggers,esaggers9x@xinhuanet.com,Female,25.03.2002,5.60222E+15,-9.4456381,159.9728999
359,Hall Billo,,Male,13.06.2004,2.01754E+14,41.8186298,46.2781308
360,Conny Starton,,Male,02.08.1996,3.55968E+15,54.948864,31.0570797
361,Eberhard Lauritzen,elauritzena0@ucoz.ru,Male,10.01.1986,3.54438E+15,29.731101,116.251947
362,Taryn Huxter,thuxtera1@t-online.de,Female,13.01.1989,3.54253E+15,48.6405537,2.3269318
363,Louisa Bartunek,lbartuneka2@wix.com,Female,12.05.1998,3.37941E+14,23.1216171,113.2694916
364,Candie Creamer,ccreamera3@vkontakte.ru,Female,26.03.1997,5.00767E+15,22.937244,113.384129
365,Sib Ifill,sifilla4@washington.edu,Female,24.07.1992,3.54465E+15,40.9765733,25.4219873
366,Davis Jonah,djonaha5@netlog.com,Male,20.07.1997,5.89398E+17,28.240101,99.303084
367,Natividad Stanlike,nstanlikea6@businesswire.com,Female,09.07.1988,3.55599E+15,58.0780287,13.0188387
368,Nanny Rumsby,nrumsbya7@oracle.com,Female,14.09.1983,6.39398E+15,27.630806,114.029827
369,Tristan Eates,teatesa8@pagesperso-orange.fr,Male,31.03.2003,3.55187E+15,14.6306039,121.0056925
370,Emmerich Fryatt,efryatta9@independent.co.uk,Male,12.07.1992,3.58302E+15,24.094765,116.00509
371,Zelig Pinard,zpinardaa@wp.com,Male,03.07.2000,4.91147E+17,22.9353419,113.6587617
372,Asa Panchin,apanchinab@over-blog.com,Male,27.09.1998,2.01801E+14,40.9612198,129.3209986
373,Pancho Sanzio,psanzioac@admin.ch,Male,15.05.1988,2.01406E+14,9.5503646,-69.1804708
374,Monroe Ponsford,mponsfordad@google.fr,Male,11.03.2006,4.62895E+15,13.5468199,-15.9839424
375,Shea Kirkpatrick,skirkpatrickae@si.edu,Female,28.10.1981,6.30417E+15,39.886547,116.989574
376,Hetti Karpov,hkarpovaf@nbcnews.com,Female,14.07.1988,6.33434E+18,40.6230031,19.4690444
377,Em Hastilow,ehastilowag@51.la,Female,13.10.1988,5.89398E+18,29.420261,111.127537
378,Nikolai Rosle,nrosleah@oaic.gov.au,Male,21.04.1993,6.70925E+15,30.823499,104.158705
379,Cristobal Glazzard,cglazzardai@answers.com,Male,20.09.1993,3.54113E+15,5.3419104,6.6557943
380,Dael Adair,dadairaj@reddit.com,Female,24.06.1985,5.10018E+15,38.0823988,15.6383202
381,Shem Kaas,skaasak@bizjournals.com,Male,05.11.1989,3.53566E+15,36.1560347,68.0477509
382,Brittaney Von Der Empten,bvonal@telegraph.co.uk,Female,15.01.1997,3.37941E+14,40.761653,112.378894
383,Hercule Franzoli,hfranzoliam@gizmodo.com,Male,27.03.1989,5.00767E+15,18.7486554,99.1677572
384,Veronike Panting,vpantingan@cocolog-nifty.com,Female,11.03.1992,5.01818E+15,44.4645876,11.3727437
385,Seward McTeer,smcteerao@jalbum.net,Male,12.11.1999,3.54613E+15,13.658247,123.017079
386,Anett Orsi,aorsiap@skyrock.com,Female,26.08.1983,3.58108E+15,30.108216,104.677091
387,Jannel Caskey,jcaskeyaq@auda.org.au,Female,18.04.1983,6.75959E+17,45.0098,41.1512
388,Obidiah Taylorson,otaylorsonar@i2i.jp,Male,14.11.1993,3.72302E+14,42.057517,24.5479535
389,Emelen Murrish,,Male,20.02.1997,2.01512E+14,57.1630313,13.4153897
390,Janis Hanratty,jhanrattyat@dion.ne.jp,Female,20.10.1991,3.56085E+15,15.30487,47.83894
391,Shelby Marjoribanks,smarjoribanksau@uol.com.br,Female,31.08.1990,3.58813E+15,56.1343878,63.6111657
392,Kareem Radborne,kradborneav@mozilla.com,Male,16.06.1990,5.00236E+15,45.768045,15.947739
393,Juanita Robshaw,jrobshawaw@flavors.me,Female,30.03.1995,5.89387E+16,41.401292,-8.2582067
394,Clim Gullyes,cgullyesax@trellian.com,Male,03.03.1987,5.60222E+15,57.6699268,15.8538205
395,Salmon Livsey,slivseyay@nih.gov,Male,19.09.1996,4.90322E+18,12.6107413,122.2756648
396,Tedman Daddow,tdaddowaz@mac.com,Male,11.11.1994,3.5501E+15,53.6849853,27.1325559
397,Cathe Benzies,cbenziesb0@bloglovin.com,Female,28.05.2000,5.10013E+15,-11.4389649,34.0084395
398,Leonora Relph,lrelphb1@macromedia.com,Female,03.05.1990,5.64182E+15,22.6166667,114.6702778
399,Ansel Danell,,Male,02.06.1985,3.56766E+15,24.9909255,51.5493483
400,Evaleen Cowerd,ecowerdb3@aol.com,Female,08.11.2000,3.56227E+15,13.4253347,123.2648166
401,Dionis Rogerson,drogersonb4@cbsnews.com,Female,27.07.1997,4.91399E+15,39.2687372,46.3568418
402,Georgi Erwin,gerwinb5@nps.gov,Male,22.02.2003,6.7673E+17,42.96444,87.66111
403,Margret Hug,mhugb6@google.com.au,Female,10.04.1994,4.01796E+12,47.8191364,-69.5611735
404,Grata Semmence,gsemmenceb7@auda.org.au,Female,11.12.1980,6.38492E+15,30.637762,119.009039
405,Upton Franschini,ufranschinib8@auda.org.au,Male,30.05.1993,3.56981E+15,11.86538,121.44041
406,Adele Champkins,achampkinsb9@timesonline.co.uk,Female,04.06.1985,4.91171E+15,52.20775,21.077623
407,Ludwig Roots,lrootsba@vimeo.com,Male,18.06.1991,3.53304E+15,27.087637,114.964696
408,Melvin Baldetti,mbaldettibb@whitehouse.gov,Male,16.02.2006,5.10017E+15,8.9061016,117.5524235
409,Dulcie Jachimiak,djachimiakbc@t-online.de,Female,13.10.1996,3.5634E+15,14.2261156,-5.9753267
410,Zondra Leyden,zleydenbd@imdb.com,Female,09.04.2003,4.91749E+15,28.906106,111.970514
411,Kellyann Rigeby,krigebybe@whitehouse.gov,Female,16.02.1993,3.55356E+15,49.9484387,23.5302946
412,Carlyle Hamsson,chamssonbf@merriam-webster.com,Male,09.02.1985,3.55733E+15,56.6495031,12.7902265
413,Elizabeth Masey,emaseybg@tripod.com,Female,09.11.1996,3.57784E+15,-7.8100327,110.3592495
414,Tybie Beglin,tbeglinbh@cocolog-nifty.com,Female,13.07.1999,5.60224E+15,-33.0061376,-60.6722815
415,Elwyn Povey,epoveybi@squidoo.com,Male,16.12.1997,3.02283E+13,24.7204697,118.6154322
416,Jennine Mendoza,jmendozabj@seesaa.net,Female,28.11.1993,3.54137E+15,41.3009263,-95.8881542
417,Jehu Stickels,jstickelsbk@slashdot.org,Male,01.06.1995,5.60221E+16,19.307033,-99.1675842
,Billy Crumby,bcrumbybl@ucoz.ru,Female,02.05.1997,5.10014E+15,36.4126577,28.1554071
419,Selie Paulig,spauligbm@virginia.edu,Female,24.06.1993,3.74622E+14,33.7484047,-116.3520354
420,Frankie Dunford,fdunfordbn@alexa.com,Male,09.02.1985,3.58322E+15,38.67028,125.77611
421,Ernesta Magson,emagsonbo@ask.com,Female,28.03.1996,3.53543E+15,28.945479,120.379714
422,Tarrance Galbreth,,Male,22.09.1988,3.01595E+13,61.2698079,17.09514
423,Heinrik Knights,,Male,06.04.2001,4.91726E+15,3.191408,113.088634
424,Levey Axup,laxupbr@fema.gov,Male,10.11.1988,3.57313E+15,18.907778,-70.719444
425,Katya MacDiarmond,kmacdiarmondbs@techcrunch.com,Female,02.01.1984,5.10876E+15,30.847047,116.363101
426,Elisabetta Wilmott,ewilmottbt@businessweek.com,Female,04.09.2002,3.53687E+15,30.905779,120.670141
427,Clevey Corwood,ccorwoodbu@bing.com,Male,11.11.1994,5.60221E+15,62.2245877,40.2634504
428,Eward Cawood,,Male,12.03.1988,6.30438E+16,-8.7223957,115.1767095
,Shaun Orchart,sorchartbw@slideshare.net,Female,03.10.1986,3.02884E+13,43.9336277,42.5107159
430,Marline Gierth,mgierthbx@altervista.org,Female,05.10.1984,3.578E+15,30.645019,114.282194
431,Renate MacKissack,rmackissackby@hc360.com,Female,05.09.2004,5.00236E+15,34.662234,109.226101
432,Leesa Venneur,,Female,21.04.1990,3.74283E+14,38.5691786,-9.0814271
433,Guglielmo Winchcum,gwinchcumc0@ox.ac.uk,Male,02.07.1983,3.47476E+14,2.925082,33.3486147
434,Marcelline Romke,mromkec1@example.com,Female,28.02.2006,3.0587E+13,3.5144204,11.5077573
435,Tucky Skillitt,tskillittc2@wordpress.com,Male,07.02.2000,3.52944E+15,37.7700101,-25.6598704
436,Tripp O'Duane,toduanec3@abc.net.au,Male,18.06.1995,3.57601E+15,28.682892,115.858197
437,Dyna Tyson,dtysonc4@blog.com,Female,05.10.1987,4.01796E+12,-20.6,48.33333
438,Janette Burnett,jburnettc5@nih.gov,Female,28.09.2005,3.56102E+15,41.0423985,21.3607894
439,Ebeneser Horley,ehorleyc6@quantcast.com,Male,11.02.1997,6.3332E+17,-6.2377312,107.0568962
440,Stephannie Lendon,slendonc7@elpais.com,Female,17.03.1998,4.0416E+15,4.6064435,-61.1053691
,Walden Guyonnet,wguyonnetc8@drupal.org,Male,06.09.1999,3.56091E+15,20.2506149,105.9744536
442,Griz Bottell,gbottellc9@virginia.edu,Male,11.04.1991,5.61065E+15,32.7481978,35.3438402
443,Berkly Mordanti,bmordantica@wikipedia.org,Male,15.05.2005,6.33331E+18,40.417358,117.500558
444,Carroll Tather,ctathercb@facebook.com,Female,16.03.2004,5.10014E+15,-4.4008685,-68.5247149
445,Wandie Dougary,wdougarycc@hibu.com,Female,20.12.1996,3.55601E+15,56.3615314,41.0836902
446,Jorgan Kittow,jkittowcd@ehow.com,Male,05.03.1982,3.74288E+14,23.6192598,-75.9695465
447,Ronnie Garner,rgarnerce@printfriendly.com,Male,20.02.1981,4.04137E+15,52.3323097,6.6372501
448,Nobe Conroy,nconroycf@ask.com,Male,09.12.1988,3.54208E+15,50.8525432,21.384343
449,Abby Trickey,atrickeycg@ed.gov,Male,07.11.1987,3.58255E+15,17.8281158,-95.8162299
450,Dom Hellmer,,Male,26.11.1995,3.55119E+15,-34.5151107,-58.4973265
451,Cary Faldo,cfaldoci@yellowbook.com,Male,25.11.1981,5.01012E+15,-6.8840816,107.5413039
452,Berty Deer,bdeercj@mit.edu,Male,09.01.1997,3.55853E+15,34.3020001,48.8145943
453,Noel Kohrding,nkohrdingck@google.it,Male,02.05.1982,3.58418E+15,13.4218445,120.4189146
454,Ellsworth Yakovliv,eyakovlivcl@networksolutions.com,Male,26.10.1991,3.57302E+15,55.6587901,37.3582146
455,Laura Latta,llattacm@canalblog.com,Female,27.04.2004,5.29362E+15,42.9107754,21.1956273
456,Carr Ballaam,cballaamcn@dell.com,Male,14.06.1980,4.84407E+15,50.2368774,18.6516275
457,Gustie Alden,galdenco@google.co.jp,Female,17.10.1980,3.54783E+15,-9.5318628,124.4364621
458,Karine Shevlane,kshevlanecp@ftc.gov,Female,06.10.2001,6.37621E+15,26.3940283,111.2940501
459,Kimberlyn Cundey,kcundeycq@soundcloud.com,Female,21.07.1988,3.56239E+15,-6.9620686,108.4854717
460,Joshia Perche,jperchecr@archive.org,Male,21.01.1991,3.57465E+15,30.266872,118.400608
461,Marlon Crosher,mcroshercs@cafepress.com,Male,19.07.1993,3.74284E+14,-32.485681,-58.269543
462,Oswell Gambles,ogamblesct@jugem.jp,Male,01.09.2005,3.5783E+15,50.4438122,48.1450932
463,Pedro Hagergham,phagerghamcu@a8.net,Male,03.01.1985,5.60222E+15,-5.8406158,-35.9369952
464,Courtnay McGinn,cmcginncv@washingtonpost.com,Male,03.10.1986,3.57518E+15,-20.3652719,-43.4150073
465,Evangelin Bow,ebowcw@usnews.com,Female,02.02.1997,5.00236E+15,-6.7686246,107.7517775
466,Beatriz Huelin,bhuelincx@wix.com,Female,17.10.2005,4.91783E+15,26.893368,112.572018
467,Doralin Gainseford,dgainsefordcy@liveinternet.ru,Female,06.10.1989,3.56868E+15,23.241655,111.539333
468,Osborn Ramplee,orampleecz@google.com.au,Male,06.11.1982,2.01718E+14,40.2758091,-8.5720706
469,Flory Henkens,fhenkensd0@slashdot.org,Male,03.12.1986,3.54198E+15,-6.8013457,111.4126837
470,Yasmeen Fomichyov,yfomichyovd1@cdc.gov,Female,24.12.1997,4.02682E+15,15.9156421,2.396174
471,Jorry McManamon,jmcmanamond2@epa.gov,Female,16.05.1986,2.01486E+14,50.6558337,15.4518432
472,Daryl Haylett,dhaylettd3@illinois.edu,Male,28.08.2003,3.57594E+15,50.2671255,12.8970938
473,Payton Catteroll,pcatterolld4@cbc.ca,Male,30.08.1991,5.00766E+15,31.697836,35.22853
474,Padriac Serotsky,pserotskyd5@mac.com,Male,18.10.1994,3.58329E+15,15.1634121,36.6525696
475,Marielle Trownson,mtrownsond6@tiny.cc,Female,21.05.2000,4.04159E+15,51.7954009,30.2688788
476,Andros Pietruschka,apietruschkad7@oaic.gov.au,Male,29.07.2003,3.54488E+15,-5.5775197,12.1927103
477,Clive Broek,cbroekd8@hibu.com,Male,05.06.1996,4.39399E+12,50.5799257,26.3216758
478,Yulma Birtonshaw,ybirtonshawd9@apache.org,Male,11.05.1997,3.55813E+15,-29.8697861,31.0462562
479,Vinson Pendreigh,vpendreighda@unesco.org,Male,01.02.1981,3.54427E+15,12.3109644,123.6781612
480,Carmella Niess,cniessdb@multiply.com,Female,04.12.1990,3.58559E+15,26.312444,99.850365
481,Gayel Proppers,gproppersdc@prnewswire.com,Female,07.01.1986,3.68487E+13,-7.20429,113.53198
482,Lek Tatlock,ltatlockdd@ed.gov,Male,11.04.2004,3.58443E+15,49.9851242,19.3263098
483,Annabella Matthessen,amatthessende@gmpg.org,Female,02.06.2002,6.38352E+15,55.21664,-119.43605
,Lucina Simmill,lsimmilldf@who.int,Female,01.03.1984,5.60224E+15,35.8496818,139.8969749
485,Tremain Glaze,tglazedg@wordpress.org,Male,30.05.1983,3.02048E+13,-14.1254679,-69.9661586
486,Charlean Kidby,ckidbydh@amazon.de,Female,05.08.1996,6.75981E+15,-24.4748345,-49.8956943
487,Ritchie Mash,rmashdi@artisteer.com,Male,18.01.1987,3.03269E+13,-8.1500032,112.3695412
488,Lenka Edwicke,ledwickedj@posterous.com,Female,11.08.2002,3.57685E+15,55.4018986,12.8627096
489,Rafaello Gebhard,rgebharddk@vkontakte.ru,Male,05.11.2005,5.60221E+15,-10.6872332,-37.4329352
490,Nicoline Presho,npreshodl@umn.edu,Female,23.04.1986,3.74283E+14,3.6540491,-76.1088001
,Faulkner Whitland,fwhitlanddm@independent.co.uk,Male,31.05.1999,3.52808E+15,19.0487026,-72.4701945
492,Osborn Helleker,,Male,19.03.2006,3.53878E+15,59.1639426,9.6358001
493,Violet McCaughren,vmccaughrendo@dropbox.com,Female,05.08.1994,5.00766E+15,40.9515138,-8.5904113
494,Annalee Jahns,ajahnsdp@java.com,Female,08.07.2004,3.57884E+15,-2.8385304,32.4212424
495,Gardy Lightoller,glightollerdq@imdb.com,Male,17.02.1996,6.37837E+15,23.841237,110.47479
496,Shawn Roggerone,,Male,25.04.1987,3.57054E+15,35.066619,116.311532
497,Ryley Coltherd,rcoltherdds@nhs.uk,Male,27.05.1994,6.38148E+15,41.9924293,21.4298411
498,Al Knowlton,aknowltondt@slashdot.org,Male,29.08.2005,5.60222E+17,42.0480121,-8.3359459
499,Lydie Furlong,lfurlongdu@comcast.net,Female,18.10.1998,3.57843E+15,62.1331515,22.55812
500,Cordula Mann,cmanndv@oracle.com,Female,09.08.1983,5.60223E+15,-6.8582288,109.1508428
501,Zacherie Amsden,zamsdendw@wordpress.org,Male,19.09.1995,3.53967E+15,49.0422777,2.03776
502,Nicolai Chong,nchongdx@cyberchimps.com,Male,01.11.1989,6.304E+16,13.3793771,-88.3506468
503,Onida Highwood,ohighwooddy@hugedomains.com,Female,27.02.1990,3.57051E+15,59.6013651,16.4793546
504,Marty Gregoire,mgregoiredz@guardian.co.uk,Male,13.10.1988,6.33425E+17,40.9463093,68.7512681
505,Anallise Dedden,adeddene0@msn.com,Female,18.05.1985,3.56597E+15,54.4555308,83.3748613
506,Bee Skeates,bskeatese1@google.com,Female,28.03.1997,3.58873E+15,38.6273566,-9.123079
507,Montgomery Judkins,mjudkinse2@whitehouse.gov,Male,28.09.2001,3.53234E+15,0.2070254,32.5401025
508,Remington Quincee,rquinceee3@nytimes.com,Male,01.06.1996,5.60223E+16,48.526727,40.316753
509,Addy Chrstine,achrstinee4@wp.com,Female,25.04.1986,3.54912E+15,51.4270935,21.3306176
510,Drew Dunkerton,ddunkertone5@mac.com,Male,13.12.2001,3.05839E+13,28.5091355,34.5136344
511,Bella Rutgers,brutgerse6@nature.com,Female,21.10.1996,3.58665E+15,31.853167,34.842421
512,Bud Frankiewicz,bfrankiewicze7@xrea.com,Male,21.06.1988,4.17501E+15,-7.0058265,107.6306684
513,Jaimie Wolton,jwoltone8@tiny.cc,Male,13.08.1997,3.55669E+15,-1.054723,-80.4524903
514,Vicky McCleverty,vmcclevertye9@yellowbook.com,Female,10.09.1983,4.04137E+15,-6.8544539,106.5230542
515,Dani Brindley,dbrindleyea@google.com.au,Female,15.10.1986,3.5697E+15,-7.0986081,113.5996336
516,Nilson Woof,nwoofeb@unesco.org,Male,06.02.2001,6.7679E+17,-14.96617,-73.3855899
517,Legra Thiese,lthieseec@symantec.com,Female,12.12.1993,2.01892E+14,-6.9140488,107.6050316
518,Meredith Ogglebie,mogglebieed@salon.com,Male,22.03.1998,5.89399E+16,-7.158502,109.263397
519,Lory O'Dogherty,lodoghertyee@webs.com,Female,09.12.1988,6.33111E+15,33.7636344,-117.9688322
520,Teador Prater,tprateref@usa.gov,Male,11.02.1981,3.56371E+15,43.454956,4.946467
521,Richy Pendlenton,rpendlentoneg@cdbaby.com,Male,22.10.1983,4.91351E+15,9.8097475,6.1553498
522,Alexine Tonner,atonnereh@behance.net,Female,06.09.1995,3.54001E+15,35.6958419,139.5530816
523,Janine Crease,jcreaseei@topsy.com,Female,28.06.1986,4.91114E+17,50.1191335,14.0734646
524,Marylee Tolwood,mtolwoodej@ovh.net,Female,22.09.2004,3.53044E+15,6.3833462,-75.5858886
525,Chalmers McMillan,cmcmillanek@goo.gl,Male,14.09.1997,3.53218E+15,48.9500557,16.259316
526,Candi Sporner,cspornerel@wiley.com,Female,13.05.1991,3.37942E+14,23.892873,108.40254
527,Staford Gorger,sgorgerem@nydailynews.com,Male,05.10.1981,3.56274E+15,59.4430147,29.4885599
528,Berke Ellershaw,bellershawen@wiley.com,Male,26.06.1993,3.54883E+15,35.7642515,10.8112885
529,Aloin Duffyn,aduffyneo@wunderground.com,Male,12.09.2000,6.30416E+18,37.79446,20.85188
530,Nelly Savill,nsavillep@amazon.co.uk,Female,01.10.1997,6.70928E+18,11.2131346,4.579209
531,Gavin Josefer,gjosefereq@imageshack.us,Male,01.10.1998,5.04838E+15,49.3564402,17.3645179
532,Joyce Lardeur,jlardeurer@netvibes.com,Female,06.10.1983,5.60224E+15,34.3020001,48.8145943
533,Thor Miguel,tmigueles@alexa.com,Male,10.07.1986,3.53696E+15,22.923431,112.732632
534,Alexandre Dartnall,adartnallet@parallels.com,Male,24.04.1999,3.55105E+15,-5.0402647,103.8390162
535,Basilius Filewood,bfilewoodeu@freewebs.com,Male,16.02.2003,3.53612E+15,58.0275087,15.0052213
536,Marcel Burniston,mburnistonev@over-blog.com,Male,04.01.1997,3.57229E+15,60.6302526,28.7309501
537,Andie Brantl,abrantlew@ovh.net,Male,01.05.1999,3.53326E+15,3.0646746,97.3290405
538,Rossie Potteridge,rpotteridgeex@squidoo.com,Male,26.02.1999,5.60226E+15,14.7127327,121.0279622
539,Harlan Attrie,hattrieey@youku.com,Male,04.12.1981,6.76297E+18,59.0295207,10.0664589
540,Carolus Hadgkiss,chadgkissez@dailymotion.com,Male,09.11.2005,3.54837E+15,18.0435607,100.1031202
541,Shanie Dayton,sdaytonf0@nbcnews.com,Female,27.10.1996,3.54334E+15,59.418208,60.514706
542,Corbie Dakhno,cdakhnof1@ifeng.com,Male,29.01.1981,6.33492E+15,-8.301579,123.0648331
543,Odo Rizon,orizonf2@zdnet.com,Male,07.09.1989,3.57793E+15,-2.688962,111.622398
544,Yehudi Lantuffe,ylantuffef3@printfriendly.com,Male,27.05.2002,4.91738E+15,-34.6558079,-58.3734773
545,Maje Sly,mslyf4@newyorker.com,Male,16.12.1987,3.58671E+15,29.273357,47.9400154
546,Cathy Rebanks,crebanksf5@go.com,Female,12.11.1992,4.40581E+15,48.2678882,2.7122802
547,Zachariah Gransden,zgransdenf6@gmpg.org,Male,04.11.1995,4.93633E+15,28.240101,99.303084
548,Zerk Kauffman,,Male,17.05.1983,5.60223E+18,40.1858788,22.002802
549,Eliza Appleton,eappletonf8@newsvine.com,Female,29.07.1984,3.5751E+15,55.6768397,12.5987652
550,Feodor Volet,fvoletf9@meetup.com,Male,01.10.1991,4.175E+15,27.9961123,-82.4290869
551,Adrien Bartomeu,abartomeufa@tmall.com,Male,06.06.2000,3.52828E+15,39.914373,116.454205
552,Georges Broadbridge,gbroadbridgefb@ted.com,Male,17.08.2005,4.04159E+12,45.5206082,18.6747675
553,Tricia Cullerne,tcullernefc@globo.com,Female,14.09.1982,6.3735E+15,35.0011797,34.0474348
554,Calypso Westmarland,cwestmarlandfd@shutterfly.com,Female,30.04.1996,5.61055E+15,50.0413118,19.2000652
555,Markus Blazewski,mblazewskife@addthis.com,Male,08.03.1990,3.5882E+15,48.4089744,135.123385
556,Brien Jane,bjaneff@php.net,Male,24.03.1983,3.56738E+15,63.2945202,18.6699799
557,Siward Dransfield,sdransfieldfg@dagondesign.com,Male,29.06.2005,3.01694E+13,48.2216277,6.4359118
558,Hamel Devitt,hdevittfh@icio.us,Male,12.06.1983,5.03874E+16,-18.9105687,47.8081645
559,D'arcy Berka,dberkafi@yahoo.com,Male,06.01.1997,5.46676E+15,7.4951158,134.6336896
560,Beryle Malyj,bmalyjfj@purevolume.com,Female,20.06.1980,3.57118E+15,43.455312,6.685055
561,Bobina Tullot,btullotfk@nyu.edu,Female,14.02.1995,5.60224E+15,39.15667,26.52167
562,Urbano Bettanay,ubettanayfl@wikia.com,Male,21.10.1984,5.60222E+15,4.7874827,-76.1635313
563,Raine De Giorgis,rdefm@studiopress.com,Female,18.08.2005,3.55992E+15,27.34763,119.135302
564,Shirlene Mulleary,smullearyfn@ed.gov,Female,12.03.2005,4.02675E+15,5.668899,-72.994095
565,Ellynn Mollene,emollenefo@newyorker.com,Female,30.09.2003,2.01783E+14,44.5597467,16.7228288
566,Everett Sibley,esibleyfp@yandex.ru,Male,06.10.1999,3.58615E+15,47.949239,126.276226
567,Rozelle Moorerud,rmoorerudfq@bravesites.com,Female,01.05.2002,3.57684E+15,-6.7014461,110.8910556
568,Abba Jewster,ajewsterfr@hhs.gov,Male,27.10.1987,4.93617E+15,49.6892539,18.3276256
569,Clyde Meatcher,cmeatcherfs@example.com,Male,23.08.2002,3.53969E+15,52.1058991,-9.7850991
570,Farrand Jerrome,fjerromeft@pbs.org,Female,28.06.1987,3.52805E+15,49.189451,-0.804935
571,Calvin Radeliffe,cradeliffefu@marketwatch.com,Male,17.03.1989,3.54975E+15,35.343194,107.367016
572,Port Currom,pcurromfv@barnesandnoble.com,Male,01.08.1995,2.01949E+14,-5.7966464,-35.2370177
573,Brooks Domokos,bdomokosfw@slate.com,Male,21.09.1985,3.58476E+15,40.0982704,139.9803194
574,Ana Dresser,adresserfx@bravesites.com,Female,29.01.2001,3.56851E+15,33.052837,112.55743
575,Katerine Baildon,kbaildonfy@time.com,Female,01.04.1985,3.53012E+15,31.991961,112.03379
576,Alaric Rigardeau,arigardeaufz@bandcamp.com,Male,12.12.1981,3.53852E+15,38.322854,114.245006
577,Ofilia Paget,opagetg0@sfgate.com,Female,12.02.1997,3.53397E+15,-7.4061863,109.6490516
578,Michell Rulten,mrulteng1@fema.gov,Female,16.10.1990,5.58362E+15,-14.0749161,-72.4742969
579,Carie Mularkey,cmularkeyg2@dot.gov,Female,01.03.2002,3.74283E+14,31.829323,119.977286
580,Kris Gillbe,kgillbeg3@yahoo.com,Female,18.05.2006,4.84416E+15,-37.1534439,-56.8913573
581,Nappy Rubega,nrubegag4@dyndns.org,Male,12.06.1989,5.60222E+15,14.707895,120.94639
582,Nevin Matysiak,nmatysiakg5@bloomberg.com,Male,11.10.1980,2.01592E+14,40.731316,124.783659
583,Clemente Timberlake,ctimberlakeg6@macromedia.com,Male,23.12.1989,3.58395E+15,-9.5252,119.5923
584,Crysta Berni,cbernig7@jigsy.com,Female,13.11.1998,3.53493E+15,28.3921554,-81.5322149
585,Hewe McGiff,hmcgiffg8@networksolutions.com,Male,20.02.1993,3.54519E+15,18.5769276,100.2151578
586,Tobie Abbiss,,Male,27.10.1989,3.56143E+15,-31.3964785,-52.6787852
587,Bradford Pabelik,bpabelikga@google.ru,Male,26.02.1982,6.70637E+16,17.28268,121.87153
588,Barnebas McGreay,bmcgreaygb@squarespace.com,Male,04.12.1997,3.53886E+15,55.96667,24.75
589,Burl Coggins,bcogginsgc@cocolog-nifty.com,Male,23.09.1997,6.39907E+15,43.785358,126.6858739
590,Gaye Vallack,gvallackgd@netlog.com,Female,17.10.1989,3.54285E+15,5.8750769,5.6931356
591,Brok McCrann,bmccrannge@quantcast.com,Male,21.08.2003,3.74289E+14,31.8978496,102.2268924
592,Josie Coners,jconersgf@nhs.uk,Female,21.07.2002,6.33111E+18,30.572815,104.066801
593,Myca Saward,msawardgg@oracle.com,Male,18.10.1993,3.56777E+15,-6.1604549,106.9054618
594,Haily Bartoszewski,hbartoszewskigh@usnews.com,Male,09.01.2002,3.56732E+15,34.073572,100.695534
595,Janey McDougall,jmcdougallgi@ow.ly,Female,07.03.1995,4.40595E+15,18.4445307,-69.9316834
596,Dorelia Horick,dhorickgj@blogs.com,Female,02.10.2001,5.60224E+15,38.0932151,69.3413913
597,Eachelle Hannah,ehannahgk@imageshack.us,Female,06.12.1999,6.3041E+16,14.5634196,121.0307955
598,Hadlee Woller,hwollergl@mayoclinic.com,Male,17.03.2002,4.90315E+18,9.9576111,-84.0284827
599,Gabby Bond,gbondgm@goo.gl,Male,12.05.1981,5.8937E+17,26.0765362,119.2807519
600,Sally Joskowicz,sjoskowiczgn@unblog.fr,Female,06.07.1986,5.60224E+15,50.1681621,40.3703941
601,Fifi Hamblyn,fhamblyngo@unesco.org,Female,28.08.2002,3.01306E+13,9.97788,-84.762933
602,Deck Trice,dtricegp@xinhuanet.com,Male,29.07.1986,3.56414E+15,-14.9061237,50.2785486
603,Clayborn Hurburt,churburtgq@sina.com.cn,Male,24.11.2003,4.93625E+17,45.1800316,0.7237613
604,Mikel Parradye,mparradyegr@prweb.com,Male,18.04.1981,3.52924E+15,29.57991,71.75213
605,Caren Maes,cmaesgs@sogou.com,Female,07.09.1980,3.55167E+15,49.4875115,16.6599761
606,Morris Pybus,mpybusgt@sfgate.com,Male,06.09.2003,5.60226E+17,14.6074523,121.1136216
607,Barny Stokey,bstokeygu@storify.com,Male,09.07.1992,3.01286E+13,32.321086,35.369953
608,Creight Cadwallader,ccadwalladergv@ca.gov,Male,08.01.2001,3.54656E+15,45.4852437,64.0818612
609,Bonnibelle Sherrard,bsherrardgw@barnesandnoble.com,Female,21.01.1992,3.58379E+15,-20.0583696,57.5504453
610,Gael Ridout,gridoutgx@angelfire.com,Male,09.03.1994,3.03511E+13,22.3154812,89.1114525
611,Wakefield Wyd,wwydgy@wordpress.com,Male,24.11.1983,4.17501E+15,49.039076,2.074954
612,Simone Mozzini,smozzinigz@sohu.com,Male,11.09.1987,5.11329E+15,33.892817,105.373163
613,Justino Possek,jpossekh0@utexas.edu,Male,13.01.1987,6.38665E+15,23.5958633,120.2858846
614,Tull Greydon,tgreydonh1@salon.com,Male,17.09.1989,5.60224E+15,47.2792583,39.0522384
615,Shir Sponton,sspontonh2@twitpic.com,Female,31.03.1994,3.05417E+13,41.1009418,23.678736
616,Derrick Gravenell,dgravenellh3@princeton.edu,Male,26.05.1995,3.54358E+15,59.6013651,16.4793546
617,Shermie Batchelar,sbatchelarh4@biglobe.ne.jp,Male,27.11.2005,3.58146E+15,39.877206,115.881215
618,Udall Houtby,uhoutbyh5@admin.ch,Male,05.07.1980,4.90323E+18,13.6867437,123.1989968
619,Anna-maria Frostdicke,afrostdickeh6@cnet.com,Female,16.07.1981,3.57441E+15,-7.221562,111.759598
620,Felic Picknett,fpicknetth7@cbsnews.com,Male,10.01.1996,3.54194E+15,42.3332013,142.3680716
621,Bentley Lusty,blustyh8@noaa.gov,Male,19.05.1992,3.55987E+15,-4.7691623,11.866362
622,Jedidiah Carrivick,jcarrivickh9@yale.edu,Male,23.05.1995,3.55084E+15,-0.5833333,73.2333333
623,Corrianne Scurr,cscurrha@harvard.edu,Female,18.07.1985,3.53557E+15,44.6773413,20.4439853
624,Shaylynn Mash,smashhb@plala.or.jp,Female,15.04.1982,5.60222E+16,7.2333331,124.25
625,Miguel Trundle,mtrundlehc@disqus.com,Male,21.02.1991,3.53516E+15,33.9041552,-117.9307584
626,Sheena Steanyng,ssteanynghd@xinhuanet.com,Female,19.02.1985,6.04671E+15,39.949418,116.451187
627,Nevin Wardrop,nwardrophe@netscape.com,Male,31.05.2005,6.3311E+18,52.3211465,104.4410484
628,Homerus Pietraszek,hpietraszekhf@sfgate.com,Male,07.06.1994,3.58622E+15,42.2368,46.83073
629,Celestina Feronet,cferonethg@ed.gov,Female,19.08.1995,3.577E+15,38.2214782,-85.6794434
630,Beniamino Cashen,bcashenhh@mediafire.com,Male,29.05.1995,3.53805E+15,49.1141224,16.1902227
631,Toby Haveline,thavelinehi@bandcamp.com,Male,16.06.1994,3.5855E+15,19.3579802,-99.0806088
632,Lavena Robinson,lrobinsonhj@facebook.com,Female,08.12.1980,3.04457E+13,64.7360911,20.9791352
633,Ruprecht Detoile,rdetoilehk@walmart.com,Male,10.01.1998,5.45645E+15,-6.1955905,107.5534739
634,Bernie Slessar,bslessarhl@forbes.com,Female,06.09.1982,6.37675E+15,18.2002551,-63.0692167
635,Dottie Scafe,dscafehm@com.com,Female,01.01.2001,3.58512E+15,51.7667457,20.2459993
636,Tobit Sex,tsexhn@go.com,Male,12.07.1980,4.93605E+15,52.6380394,70.4223308
637,Evy McCullen,emccullenho@nsw.gov.au,Female,28.01.1995,3.05845E+13,37.5957943,107.411996
638,Lincoln Esler,leslerhp@usgs.gov,Male,30.11.1983,3.55048E+15,55.7,37.58333
639,Irena Dobbins,idobbinshq@w3.org,Female,25.08.1996,3.56131E+15,1.973103,34.0641419
640,Michale Dundon,mdundonhr@deviantart.com,Male,03.07.1999,5.60223E+17,35.981548,139.7460429
641,Jehanna Riseborough,jriseboroughhs@psu.edu,Female,02.08.1987,5.61041E+15,6.057265,-75.185598
642,Allina Newtown,anewtownht@hc360.com,Female,02.02.1990,4.04137E+15,31.191643,121.389262
643,Harv Lambarton,hlambartonhu@prweb.com,Male,12.07.2004,3.55632E+15,51.1434519,40.2997102
644,Carline Talkington,ctalkingtonhv@dagondesign.com,Female,15.03.1982,3.55171E+15,-26.4355066,-49.2452364
645,Karylin Morling,kmorlinghw@wordpress.com,Female,16.08.1990,5.04837E+15,45.1452956,18.9362522
646,Teodor Marden,tmardenhx@mail.ru,Male,10.06.1990,4.5086E+15,5.8765279,-73.0287209
647,Jacques Gulleford,jgullefordhy@shutterfly.com,Male,13.11.1993,3.58063E+15,7.3139328,-11.3062382
,Damian Gibson,,Male,21.12.2000,6.77147E+18,-21.0800303,-44.2039901
649,Vlad Sirl,vsirli0@biglobe.ne.jp,Male,13.06.1984,6.37412E+15,-21.5354088,-49.8569266
650,Sheila Osboldstone,sosboldstonei1@umn.edu,Female,04.01.1997,6.30488E+17,51.9210929,15.4768834
651,Clayton Bransdon,cbransdoni2@reuters.com,Male,17.09.2000,3.54948E+15,39.7898,116.328689
652,Zebulen Alkin,zalkini3@list-manage.com,Male,05.06.1999,3.57404E+15,38.963066,100.177294
653,Merrill Brawson,mbrawsoni4@yale.edu,Male,22.07.2004,5.00767E+15,10.4825247,105.4771084
654,Jacinda Geldert,jgelderti5@etsy.com,Female,28.01.1997,6.75936E+18,-7.1845289,111.5572638
655,Ross Iapico,riapicoi6@msn.com,Male,14.07.1990,5.56429E+15,-25.1598678,27.6889503
656,Clay Baus,cbausi7@princeton.edu,Male,21.08.1986,6.77187E+18,30.531919,117.115101
657,Braden Laird,blairdi8@uiuc.edu,Male,05.05.1982,5.10014E+15,22.7100789,113.8547735
658,Evangeline Codman,ecodmani9@google.co.jp,Female,09.02.1999,3.56085E+15,52.32659,17.1790537
659,Ertha McGrady,emcgradyia@amazonaws.com,Female,14.08.1983,4.508E+15,13.2409585,123.7750159
660,Keary Milmore,kmilmoreib@mit.edu,Male,10.10.1981,5.03848E+18,-9.4456381,159.9728999
661,Julius Foulcher,jfoulcheric@hc360.com,Male,13.04.1989,6.76161E+15,48.9990813,1.6899473
662,Basilius Karolovsky,bkarolovskyid@wikipedia.org,Male,01.10.2001,3.53736E+15,-41.4332215,147.1440875
663,Kristo McIleen,kmcileenie@vkontakte.ru,Male,27.01.2006,3.54584E+15,43.32756,76.840271
664,Miltie Manville,mmanvilleif@arizona.edu,Male,18.06.2001,3.76121E+14,27.388611,-110.1216666
665,Adrianne Kindall,akindallig@youtu.be,Female,20.01.2003,5.10875E+15,14.6060279,-87.940833
666,Etan Jovis,ejovisih@nydailynews.com,Male,06.03.2006,3.55881E+15,30.63963,114.385538
667,Westbrooke Yurocjhin,wyurocjhinii@opera.com,Male,11.08.1996,5.61071E+18,9.333659,-75.540823
668,Janeczka Passmore,jpassmoreij@merriam-webster.com,Female,15.12.1994,5.61088E+17,62.216473,135.8549959
,Sigfrid Boddice,sboddiceik@list-manage.com,Male,09.09.1984,2.01677E+14,-7.01771,109.5463954
670,Trev Yendall,tyendallil@ehow.com,Male,01.01.1990,2.0141E+14,65.836924,13.1934011
671,Hannis Plenty,hplentyim@timesonline.co.uk,Female,06.01.2000,6.75975E+18,30.9765009,30.9531791
672,Barry Cobbledick,bcobbledickin@a8.net,Male,30.12.1993,3.54963E+15,35.21,-80.69
673,Tersina Cristofvao,tcristofvaoio@buzzfeed.com,Female,07.11.1997,4.91316E+15,-0.7241012,103.2086442
674,Alwyn Symcoxe,asymcoxeip@craigslist.org,Male,18.10.2003,3.58876E+15,-17.4328946,-41.9989718
675,Travers MacGeaney,tmacgeaneyiq@ifeng.com,Male,22.07.1998,3.54691E+15,-7.0392183,109.9020509
676,Falkner Lattin,flattinir@nyu.edu,Male,11.06.2003,5.37603E+15,38.5067706,-90.3766634
677,Meryl Koopman,mkoopmanis@yandex.ru,Female,04.02.2006,3.58041E+15,33.5177039,-117.693138
678,Carlina Doghartie,cdoghartieit@woothemes.com,Female,07.02.1992,3.74283E+14,56.5236763,36.5260122
679,Konstantine MacAne,kmacaneiu@princeton.edu,Male,09.05.1987,3.52924E+15,45.2068153,73.9309807
680,Kiri McRinn,kmcrinniv@clickbank.net,Female,24.09.1982,6.30491E+17,52.4709411,4.826445
681,Netti Ackers,nackersiw@china.com.cn,Female,22.01.2002,5.11565E+15,47.2186081,34.6661709
682,Tandi Cockarill,tcockarillix@oracle.com,Female,19.09.2005,4.90593E+15,-6.9633727,112.3367573
683,Natty Drever,ndreveriy@wordpress.com,Female,12.05.2001,3.56228E+15,28.888555,120.047651
684,Brien Nornable,bnornableiz@imdb.com,Male,21.03.2003,5.00235E+15,38.070311,114.411459
685,Beitris Darridon,bdarridonj0@businesswire.com,Female,26.04.2003,6.30489E+16,12.6679167,123.9881642
686,Justino Pocke,jpockej1@vk.com,Male,30.08.1989,6.33322E+17,27.087637,114.964696
687,Riki Fargie,rfargiej2@tuttocitta.it,Female,17.04.1987,3.42477E+14,51.3436553,25.8490867
688,Marline Boler,mbolerj3@pcworld.com,Female,09.06.1989,6.30419E+15,10.2990241,123.9444721
689,Steven Hazeman,shazemanj4@si.edu,Male,26.02.1998,2.01684E+14,-6.9758,113.8009
690,Colet Birkenhead,cbirkenheadj5@mlb.com,Male,20.07.1994,3.58134E+15,50.667396,3.0751792
691,Pancho Hrycek,phrycekj6@histats.com,Male,07.05.2001,3.58221E+15,28.537167,117.377384
692,Kittie Higgan,khigganj7@rediff.com,Female,22.08.1996,3.54743E+15,25.112046,99.161761
693,Bruis Pinfold,bpinfoldj8@google.ca,Male,15.11.1982,3.5621E+15,39.9051618,116.4624467
694,Salomo Norfolk,snorfolkj9@cmu.edu,Male,15.03.2005,5.55375E+15,-10.116667,-77.4
695,Rhody Pressnell,rpressnellja@blogs.com,Female,16.11.2004,3.57684E+15,-13.4554688,-72.300772
696,Hadleigh Druhan,hdruhanjb@hhs.gov,Male,21.10.1999,3.58809E+15,51.7920135,-114.105279
697,Stefanie Catterall,scatteralljc@networkadvertising.org,Female,21.06.1990,3.55285E+15,-7.1480086,107.8995629
698,Ofella Bows,obowsjd@cdc.gov,Female,14.02.2006,6.38684E+15,-34.1691251,-70.7169851
699,Justinn Gagen,jgagenje@etsy.com,Female,02.06.1998,3.57514E+15,-31.4149049,-64.1467066
700,Maddie MacAne,mmacanejf@mit.edu,Female,03.06.1999,6.33474E+15,58.6073483,14.0368868
701,Cully Garlette,,Male,11.01.1993,6.39813E+15,29.204461,116.512037
702,Cam Bigland,cbiglandjh@msn.com,Female,02.09.1991,3.74284E+14,48.7528373,2.5304644
703,Gillian Nisbith,,Female,07.10.1986,3.55443E+15,25.1434095,-12.3714463
704,Natale Mate,nmatejj@who.int,Male,31.07.1999,5.60224E+16,-17.3013059,31.3198491
705,Judd Cabel,jcabeljk@webeden.co.uk,Male,04.04.1991,3.74289E+14,54.70972,-7.74208
706,Chadd Gilfoy,cgilfoyjl@si.edu,Male,14.11.2004,5.60222E+15,-40.1929865,175.2929384
707,Gwyneth Tinn,gtinnjm@mysql.com,Female,31.05.1991,3.53329E+15,-4.1034782,-81.0451037
708,Fina Fawkes,ffawkesjn@histats.com,Female,18.02.2003,2.01572E+14,49.7937517,25.3739849
709,Billye Clover,bcloverjo@seattletimes.com,Female,27.07.1988,4.0268E+15,62.1556927,45.1181602
710,Yurik Josefer,yjoseferjp@dedecms.com,Male,25.09.1990,3.58441E+15,56.2094069,14.8470274
711,Dallas Scain,dscainjq@edublogs.org,Female,23.07.1990,3.04837E+13,14.7596318,121.0589081
712,Phyllis Neeson,pneesonjr@patch.com,Female,13.03.1992,3.37942E+14,31.79051,113.751463
713,Derrik Lloyds,dlloydsjs@army.mil,Male,30.08.1996,3.56782E+15,30.798775,121.33638
714,Shannah Cullin,scullinjt@youku.com,Female,17.12.1996,6.70954E+17,30.031533,101.014425
715,Flo Dicey,fdiceyju@wisc.edu,Female,19.05.1992,4.90528E+15,52.4506032,19.6362734
716,Dierdre Barbery,dbarberyjv@admin.ch,Female,24.12.1983,3.55597E+15,7.2676037,-8.1447804
717,Kirsteni Bryan,kbryanjw@wix.com,Female,03.01.2000,3.54274E+15,9.7361006,123.9333482
718,Jade Syvret,jsyvretjx@chron.com,Female,22.03.1999,3.56948E+15,44.026332,125.88298
719,Tomasina Schuh,tschuhjy@sogou.com,Female,01.06.1999,5.04838E+15,50.5251922,16.8791589
720,Jory Orrock,jorrockjz@bluehost.com,Male,11.04.1981,5.60224E+15,34.158997,108.906994
721,Moises Bruneau,mbruneauk0@opensource.org,Male,26.02.1987,3.56415E+15,38.708348,-9.2716405
722,Jeremiah Found,jfoundk1@ted.com,Male,08.10.1982,5.89384E+17,-0.2457577,110.2832217
723,Marcie Rowell,mrowellk2@soundcloud.com,Female,24.06.1993,3.56325E+15,-27.78905,24.69232
724,Renault Botler,rbotlerk3@rakuten.co.jp,Male,20.06.2004,2.01551E+14,-6.9748882,112.4082849
725,Carlyn Jagger,cjaggerk4@toplist.cz,Female,08.07.1998,4.84418E+15,8.47834,125.743983
726,Shamus Louis,slouisk5@nps.gov,Male,12.02.1986,3.57843E+15,35.2392644,128.655374
727,Sherlock Honnan,shonnank6@technorati.com,Male,10.05.1981,6.39497E+15,15.26006,120.559708
728,Corella Shapiro,cshapirok7@cnbc.com,Female,27.03.1997,3.47264E+14,36.854929,114.503339
729,Faulkner Smylie,fsmyliek8@berkeley.edu,Male,12.06.1980,3.56523E+15,36.645169,117.364633
730,Coralie Cradoc,ccradock9@xing.com,Female,27.06.2002,3.54282E+15,15.7631488,99.7344154
731,Maurita Bampkin,mbampkinka@discovery.com,Female,01.10.2003,5.89336E+16,48.1232412,22.7098053
732,Nicolina Jachtym,njachtymkb@howstuffworks.com,Female,21.10.1989,5.60224E+16,55.6732828,12.5668206
733,Clim Balmer,cbalmerkc@senate.gov,Male,13.06.1990,5.60225E+15,39.0063718,117.6852235
734,Geno Bernardt,gbernardtkd@wufoo.com,Male,13.06.1992,5.31216E+15,44.5394324,3.5333133
,Farlee Bramah,fbramahke@4shared.com,Male,24.01.2001,4.01796E+15,34.5215,99.972759
736,Markos Withinshaw,mwithinshawkf@loc.gov,Male,08.04.2006,5.00236E+15,-7.316501,112.4455374
737,Neysa Ommundsen,nommundsenkg@newsvine.com,Female,15.04.1981,5.10017E+15,48.7835538,2.0439219
738,Yvette O'Heneghan,yoheneghankh@barnesandnoble.com,Female,20.12.1986,5.46977E+15,38.0790354,23.5215964
739,Mame Layland,mlaylandki@cargocollective.com,Female,19.01.2005,5.22411E+15,12.9316668,-85.2230744
740,Cosette Mole,cmolekj@merriam-webster.com,Female,25.03.1999,4.02676E+15,46.5210948,32.5201269
741,Sax Wallington,swallingtonkk@google.co.uk,Male,18.05.1983,4.40529E+15,38.4687834,48.8728029
742,Rosamund Antham,ranthamkl@geocities.jp,Female,03.12.1983,5.10876E+15,-7.0405,113.6397
743,Morgun Cock,mcockkm@go.com,Male,03.02.1993,3.57764E+15,44.2220765,42.0384264
744,Pavia Burles,pburleskn@wikispaces.com,Female,22.03.1985,4.175E+15,41.737365,140.5800948
745,Minnie Smithson,msmithsonko@va.gov,Female,30.07.1983,6.38721E+15,51.8910459,-8.4242597
746,Arnoldo Itzkovich,aitzkovichkp@nps.gov,Male,19.02.2000,3.58992E+15,55.9602597,38.0441437
747,Kristi Maffulli,kmaffullikq@oaic.gov.au,Female,09.11.1998,5.01013E+15,-6.1418556,106.8281623
748,Isaac Fletcher,ifletcherkr@posterous.com,Male,14.11.1985,4.91753E+15,-3.9257199,29.9899512
749,Garry Imorts,gimortsks@ed.gov,Male,20.06.1988,4.17501E+15,8.2435239,124.3401302
750,Kimbra Barney,kbarneykt@jimdo.com,Female,07.07.2001,3.63534E+13,-6.194154,105.939567
751,Giuseppe Dooler,gdoolerku@google.ca,Male,11.04.2006,5.00766E+15,42.9963758,21.944034
752,Jacinta Noorwood,jnoorwoodkv@bandcamp.com,Female,04.10.1993,6.30432E+17,34.23488,108.250855
753,Aleksandr Giacovelli,agiacovellikw@gnu.org,Male,19.12.1984,3.57043E+15,-7.1665502,111.9969626
754,Myrle Ainscough,mainscoughkx@oakley.com,Female,04.07.1996,4.90387E+18,21.356694,110.525677
755,Cobby Steabler,csteablerky@networksolutions.com,Male,10.04.2003,5.10014E+15,40.644621,122.509131
756,Sandor Tregea,,Male,23.04.1997,3.55494E+15,35.2024947,127.4626534
757,Cherise Crangle,ccranglel0@wix.com,Female,29.01.1992,3.72302E+14,49.2803655,-0.2062549
758,Arlyne Chislett,achislettl1@go.com,Female,14.07.2004,6.04824E+15,27.0568,27.96979
759,Sandie O'Coskerry,socoskerryl2@diigo.com,Female,09.09.2004,3.53705E+15,42.8913909,20.8659995
760,Merilyn Fackrell,mfackrelll3@ft.com,Female,07.12.1986,5.60223E+15,51.3842543,58.9999439
761,Ulla Willes,uwillesl4@dagondesign.com,Female,10.01.2001,3.5699E+15,-26.3652019,27.6566853
762,Denice Alwen,dalwenl5@cocolog-nifty.com,Female,26.09.1982,3.55825E+15,55.8117129,23.5500468
763,Jacquelin Wisedale,jwisedalel6@bravesites.com,Female,08.12.1994,3.55004E+15,-7.1432,114.3603
764,Margie Tease,mteasel7@mtv.com,Female,24.11.2001,3.56005E+15,43.330734,46.3582371
765,Alejandro Snary,asnaryl8@sun.com,Male,21.04.2004,5.10015E+15,50.4145722,16.1656347
766,Adel Syalvester,asyalvesterl9@joomla.org,Female,30.05.2002,3.55436E+15,-5.5844754,105.4771084
767,Cos Ferrillo,cferrillola@loc.gov,Male,22.01.1981,5.61052E+17,34.4042859,108.9810302
768,Ellsworth Bonnavant,ebonnavantlb@stanford.edu,Male,08.10.1993,3.01401E+13,43.994424,80.91137
769,Tove Paulot,tpaulotlc@va.gov,Female,19.10.1999,3.54412E+15,59.280324,24.8456895
770,Magdalena Edwards,,Female,23.03.1982,2.01716E+14,-33.240297,-56.016771
,Shelly Endon,sendonle@engadget.com,Female,03.04.1990,3.58499E+15,32.203072,114.513012
,Cathi Dartnall,,Female,23.01.1982,6.37347E+15,3.9671435,103.40391
773,Alexio Jacomb,ajacomblg@reference.com,Male,10.01.1985,3.56838E+15,-1.3664276,-79.8996789
774,Christiane Simison,csimisonlh@wikia.com,Female,01.03.1999,4.02679E+15,40.6902433,21.6226189
775,Ashlan Eslemont,aeslemontli@wunderground.com,Female,10.01.1998,5.60223E+15,33.038408,108.247886
776,Ulises Desouza,udesouzalj@myspace.com,Male,12.03.1987,3.74288E+14,50.689974,103.4524989
777,Gwenneth McOrkil,gmcorkillk@twitter.com,Female,29.04.2002,4.04137E+12,38.5574091,-121.4848927
778,Ferdinand Charkham,fcharkhamll@xinhuanet.com,Male,06.04.2004,3.74289E+14,-0.819175,120.167297
779,Moishe Menloe,mmenloelm@nyu.edu,Male,13.11.1982,3.52931E+15,-8.3165281,-40.2680075
780,Andrus Mole,amoleln@artisteer.com,Male,03.10.1989,3.53933E+15,53.2976886,-6.3219759
781,Melosa Layton,,Female,06.05.1995,3.55699E+15,-19.3107686,-46.0489795
782,Nora Sarjant,nsarjantlp@feedburner.com,Female,23.12.1996,3.53813E+15,2.389011,-75.8942469
783,Georgi Lennarde,glennardelq@networksolutions.com,Male,21.03.1998,5.60221E+15,45.2581286,17.8291657
784,Merrel Vousden,mvousdenlr@house.gov,Male,01.06.1982,4.9035E+15,56.8965251,14.8077914
785,Horatio O'Brollachain,hobrollachainls@europa.eu,Male,01.04.2001,5.60224E+15,46.0245004,20.1143093
786,Scott Rainbird,srainbirdlt@japanpost.jp,Male,17.12.1990,3.55197E+15,50.4056168,16.2909777
787,Tito Colten,tcoltenlu@oakley.com,Male,24.10.1980,4.91126E+17,30.999016,102.363193
788,Lu Jevon,ljevonlv@foxnews.com,Female,20.08.1989,3.53915E+15,-0.9676533,-80.7089101
789,Worthington Engley,wengleylw@spotify.com,Male,29.12.1987,3.53898E+15,13.5543249,-7.4435441
790,Urbano Galego,ugalegolx@gmpg.org,Male,05.06.1986,3.00681E+13,40.7702563,47.0496015
791,Rois Nardrup,rnardruply@dropbox.com,Female,27.02.1997,3.53877E+15,37.2094994,68.775115
792,Karoly Gadeaux,kgadeauxlz@jigsy.com,Female,31.01.1986,4.9175E+15,-8.5435854,115.4378152
793,Forbes Lindenfeld,flindenfeldm0@ifeng.com,Male,18.03.1994,3.53274E+15,47.61668,-57.61516
794,Augustin Rickesies,arickesiesm1@accuweather.com,Male,06.05.2004,4.04137E+15,-9.1522423,25.8285153
795,Stefan Cronshaw,scronshawm2@zimbio.com,Male,19.07.2005,5.56687E+15,38.1164434,140.8492779
796,Homer Lamonby,hlamonbym3@wunderground.com,Male,14.09.1990,2.0145E+14,28.391349,115.299029
797,Millicent Motion,mmotionm4@imgur.com,Female,27.12.1989,3.56548E+15,-20.3617008,29.5107708
798,Olga Cianelli,ocianellim5@sfgate.com,Female,25.04.2001,3.55954E+15,48.890054,2.2372792
799,Paton Ussher,pussherm6@economist.com,Male,24.03.1998,5.89355E+17,49.9318266,17.2717728
800,Payton Bossel,pbosselm7@mapquest.com,Male,11.09.1996,3.54596E+15,53.2622714,17.2557665
801,Melita Haxley,mhaxleym8@vk.com,Female,26.11.1989,5.61015E+15,42.54688,72.20921
802,Adolf Skeffington,askeffingtonm9@soup.io,Male,26.01.1997,5.1764E+15,67.0610032,27.3157403
803,Emmeline Thody,ethodyma@cdbaby.com,Female,03.10.1983,4.91734E+15,6.8276228,-5.2893433
804,Renell Pickring,rpickringmb@ihg.com,Female,11.10.1994,3.53903E+15,43.7786945,3.7264439
805,Mamie Cantero,mcanteromc@vinaora.com,Female,03.07.1986,6.38332E+15,51.5775677,16.4684556
806,Jolyn Pallasch,jpallaschmd@youku.com,Female,19.02.2000,3.02538E+13,33.347316,120.16366
807,Vin McClements,vmcclementsme@livejournal.com,Male,16.11.1995,3.54694E+15,52.87728,15.52966
808,Demeter Shoosmith,dshoosmithmf@answers.com,Female,23.05.1999,3.73567E+14,-7.6031332,108.5344435
809,Son Rowet,srowetmg@earthlink.net,Male,23.06.1988,3.55549E+15,14.2976248,120.9082571
810,Trudy Sheber,tshebermh@npr.org,Female,06.08.1997,3.57495E+15,-19.0081688,-57.6515503
811,Adelaida Igoe,aigoemi@rambler.ru,Female,24.10.1994,5.37447E+15,13.1487371,123.5983638
812,Benoit Searby,bsearbymj@technorati.com,Male,06.10.2003,6.76744E+15,-8.2517133,111.4365318
813,Rab Langcastle,rlangcastlemk@ustream.tv,Male,02.11.1986,5.60225E+15,49.9940366,14.859224
814,Wildon Wisby,wwisbyml@vistaprint.com,Male,23.04.1996,3.55391E+15,10.4145738,8.5721016
815,Micheline Koppke,mkoppkemm@istockphoto.com,Female,07.08.1990,3.56436E+15,40.5075632,46.8239786
816,Aluino Winchurch,awinchurchmn@slate.com,Male,23.05.2004,3.58672E+15,-7.7280457,110.2325862
817,Dasie Townshend,dtownshendmo@ucsd.edu,Female,04.10.1991,3.53209E+15,32.5483419,120.4520149
818,Hatty Toffetto,htoffettomp@reddit.com,Female,16.07.1984,4.175E+15,-6.5139395,-78.5185197
819,Maren McGiven,mmcgivenmq@hubpages.com,Female,29.03.1990,3.58542E+15,46.71327,96.52588
,Hedda McAline,hmcalinemr@sina.com.cn,Female,21.06.1998,3.54007E+15,12.2270347,123.2823247
821,Tynan Brizland,tbrizlandms@freewebs.com,Male,10.06.1986,3.03716E+13,37.52027,68.12824
822,Timmy Serotsky,tserotskymt@so-net.ne.jp,Male,20.07.2002,4.91374E+15,27.568278,117.562238
823,Javier Hollyer,jhollyermu@wunderground.com,Male,03.03.1995,3.56614E+15,29.55451,105.324979
824,Ogdon Bowlas,obowlasmv@ca.gov,Male,22.09.1992,5.60226E+15,31.220367,121.424624
825,Esmeralda Clapston,eclapstonmw@china.com.cn,Female,10.10.1981,3.58746E+15,52.3518344,71.8852785
826,Ruthanne Flukes,rflukesmx@gmpg.org,Female,07.09.1990,5.60222E+15,-8.3501717,117.9483319
827,Galen Jacquemy,,Male,21.04.1989,5.60226E+15,30.577776,99.197234
828,Marcie Strognell,mstrognellmz@reference.com,Female,24.12.1980,2.01853E+14,-1.0645451,103.9608091
829,Neda Josefsen,njosefsenn0@nytimes.com,Female,19.06.1993,3.56661E+15,28.8828809,118.4675515
830,Renata Mathivet,rmathivetn1@zimbio.com,Female,20.03.1987,3.56618E+15,43.7359241,7.4171811
831,Marley Neame,mneamen2@netvibes.com,Female,13.05.1992,3.74289E+14,13.8018124,8.98527
,Heda Bullion,hbullionn3@w3.org,Female,06.11.1987,6.7097E+17,55.7711903,37.6232011
833,Manda Gemeau,mgemeaun4@google.it,Female,08.10.1994,4.90348E+18,27.817808,114.917346
834,Kristoforo Gawler,kgawlern5@paypal.com,Male,06.09.2003,5.60222E+15,-6.3710341,105.9039005
835,Kirbee Quarles,kquarlesn6@eepurl.com,Female,05.01.1987,3.57E+15,40.4869744,-3.6116494
836,Ernestus Parkeson,eparkesonn7@com.com,Male,30.05.1990,3.02965E+13,38.7341216,-9.1394917
837,Thedrick Van Velde,tvann8@bigcartel.com,Male,19.10.1984,3.57661E+15,27.578926,110.040315
838,Lauree Mattheus,lmattheusn9@independent.co.uk,Female,11.01.1993,3.05185E+13,40.086745,119.926133
839,Seth Prier,sprierna@hatena.ne.jp,Male,08.02.1993,3.53635E+15,49.909141,19.6159543
840,Anet Colcomb,acolcombnb@archive.org,Female,19.12.1983,6.76186E+15,23.6837432,57.9048938
841,Inger Haye,ihayenc@foxnews.com,Female,14.11.1989,2.01723E+14,37.5769503,26.4820926
842,Jeane Brokenshire,jbrokenshirend@pagesperso-orange.fr,Female,17.04.1987,3.56871E+15,36.457599,111.439528
843,Casar Stonary,cstonaryne@google.com.au,Male,20.12.1995,3.53059E+15,55.5939065,61.6171856
,Opaline Frie,ofrienf@boston.com,Female,27.10.1997,3.58381E+15,32.28786,-115.1046436
845,Burgess Ottery,botteryng@craigslist.org,Male,28.11.1996,6.37949E+15,31.148896,120.722695
846,Carlynne Dayly,cdaylynh@marriott.com,Female,06.08.2000,5.01841E+18,-0.1634664,35.5931397
847,West Confort,wconfortni@dmoz.org,Male,24.08.1988,3.57439E+15,-0.1806532,-78.4678382
848,Stacey Whittaker,swhittakernj@dot.gov,Female,01.06.1987,3.56023E+15,35.7017899,59.8468432
849,Ruddy Guiel,rguielnk@about.com,Male,05.07.1986,3.55381E+15,-6.9069547,107.5593913
850,Duffie Ridpath,dridpathnl@goo.ne.jp,Male,14.12.1980,3.54723E+15,52.2608863,6.9041984
851,Ericha Mulhill,emulhillnm@google.co.uk,Female,06.09.1987,6.04064E+15,-7.783297,110.363649
852,Pate Tuckwood,ptuckwoodnn@example.com,Male,30.05.1981,3.55831E+15,12.2200003,123.4869995
853,Hansiain O' Clovan,hono@merriam-webster.com,Male,20.08.1999,5.00236E+15,9.9165452,-84.1014639
854,Howie Maccrae,hmaccraenp@unicef.org,Male,15.12.2000,3.05552E+13,22.251924,112.794065
855,Antonius Branson,abransonnq@mtv.com,Male,27.03.1987,3.54498E+15,48.8231572,103.5218199
856,Kippy Lashbrook,klashbrooknr@gravatar.com,Female,29.01.1986,3.53748E+15,8.8994875,39.9170354
857,Lindy Ryrie,lryriens@pen.io,Female,13.04.1997,3.73332E+14,49.5271178,17.5857567
858,Gabi Willoughway,gwilloughwaynt@sphinn.com,Female,09.10.1990,3.53491E+15,-6.9704825,111.4350413
859,Erminia Andreas,eandreasnu@xinhuanet.com,Female,13.02.2000,5.60223E+17,52.08234,5.1175293
860,Karina Tesche,kteschenv@nba.com,Female,14.01.1992,3.04696E+13,40.1572681,-8.1106277
861,Kristin Verdun,kverdunnw@scientificamerican.com,Female,23.05.1984,5.01013E+15,10.1867919,4.7225793
862,Alon Annett,aannettnx@cnn.com,Male,31.10.1990,3.57029E+15,34.949137,104.470279
863,Kenyon Reynalds,kreynaldsny@feedburner.com,Male,20.07.1999,2.01879E+14,46.6079153,16.2365127
864,Rancell Cinderey,rcindereynz@free.fr,Male,15.09.1985,5.10018E+15,39.401147,113.115161
865,Tomi Winspeare,twinspeareo0@yellowbook.com,Female,08.12.2004,3.57057E+15,52.37923,41.68192
866,Milt Upchurch,mupchurcho1@sourceforge.net,Male,29.07.1990,3.55581E+15,15.1315727,120.5976797
867,Ros Helkin,rhelkino2@networkadvertising.org,Female,07.03.1998,5.04838E+15,32.694081,35.396231
868,Myron Tanner,mtannero3@msn.com,Male,23.05.1998,3.55946E+15,12.3390296,-83.6747342
,Bernhard Sandom,bsandomo4@angelfire.com,Male,11.06.1989,4.40563E+15,59.2423385,18.0919863
870,Aurelie Upstell,aupstello5@merriam-webster.com,Female,19.01.1999,3.53447E+15,40.9368325,-8.5426466
,Sherwin McTavy,smctavyo6@homestead.com,Male,22.09.1983,5.4913E+15,32.46,-84.99
,Mord Canner,mcannero7@geocities.jp,Male,08.03.1992,3.52919E+15,28.043902,120.6648587
,Sam Lockner,slocknero8@washingtonpost.com,Male,15.06.1999,5.10015E+15,34.759314,108.992603
874,Osborn Polley,opolleyo9@amazon.co.uk,Male,20.03.1981,3.53116E+15,-8.2446702,123.1428348
875,Anastasie Strangeways,astrangewaysoa@de.vu,Female,14.12.2005,3.56778E+15,39.5835818,-8.6717798
,Boot Simonot,bsimonotob@google.co.uk,Male,17.02.1994,3.53365E+15,-8.3086532,123.5183871
877,Latashia Schimpke,lschimpkeoc@usa.gov,Female,20.11.1993,3.58719E+15,13.6690327,120.8546864
878,Helyn Tavener,htavenerod@soup.io,Female,15.06.1994,5.37233E+15,60.869764,60.437305
879,Brittney Spawell,bspawelloe@cornell.edu,Female,17.08.1989,3.5615E+15,49.6287673,23.6955367
880,Rem Faley,rfaleyof@theguardian.com,Male,08.05.2002,3.58291E+15,-7.2504446,112.7688416
881,Marjy Faas,,Female,07.03.1991,6.33111E+15,38.7184882,-9.2938231
882,Veronika Primo,vprimooh@ifeng.com,Female,13.11.1990,6.33357E+15,-18.7146874,32.1646708
883,Shannon Rikel,srikeloi@amazon.co.uk,Female,08.02.1993,3.55353E+15,26.393274,118.502373
884,Davide Verring,dverringoj@jalbum.net,Male,15.07.2000,6.38624E+15,23.213961,115.203506
885,Quintin Inworth,qinworthok@blogs.com,Male,19.02.1991,6.38363E+15,38.6681004,-27.0897051
886,Helsa Itskovitz,hitskovitzol@goo.gl,Female,11.07.2005,3.57298E+15,-2.9760007,118.9295737
887,Sherwin Talton,staltonom@amazon.co.jp,Male,17.10.1983,3.72301E+14,14.7953378,44.2905281
888,Marti Ewell,mewellon@census.gov,Female,14.08.2004,6.39395E+15,-9.0933664,124.8905151
889,Dolph Adrienne,dadrienneoo@altervista.org,Male,01.10.2004,3.03146E+13,13.81425,-16.4405872
890,Alexina Bende,abendeop@bloglovin.com,Female,15.03.2006,3.74289E+14,39.9592176,44.600243
891,Calida Sedwick,csedwickoq@myspace.com,Female,31.07.1995,3.5574E+15,3.1398297,101.6811249
892,Claudia Aleksahkin,caleksahkinor@ow.ly,Female,14.02.2004,6.04503E+14,32.4626078,50.1292303
893,Glenn Van der Beken,gvanos@bandcamp.com,Male,24.08.1998,5.00236E+15,-8.6797285,122.3504283
894,Meara Fouch,mfouchot@europa.eu,Female,17.09.1998,3.57752E+15,28.39895,113.02064
895,Lotty Ilyinski,lilyinskiou@stanford.edu,Female,02.07.1993,6.76776E+18,-2.0242564,115.5444231
896,Ulick Pate,upateov@kickstarter.com,Male,06.12.1998,5.60222E+15,-14.9186136,13.5321234
897,Jabez Chatto,jchattoow@squarespace.com,Male,06.05.2006,3.53715E+15,61.1251,29.8708001
898,Creigh Luckin,cluckinox@google.co.uk,Male,10.02.1993,2.01935E+14,-7.2214256,108.2110626
899,Garrott Ruoff,gruoffoy@zimbio.com,Male,17.11.1998,3.53415E+15,7.0024321,-9.4728244
900,Margie Attwoull,mattwoulloz@cmu.edu,Female,21.09.2000,5.01012E+15,-8.2666267,115.054678
901,Jennette Danford,jdanfordp0@skyrock.com,Female,08.07.1996,2.01559E+14,23.020673,113.751799
902,Zebulon Roarty,zroartyp1@tamu.edu,Male,12.05.1988,3.57186E+15,40.834681,113.774004
,Phyllis Mahomet,pmahometp2@slate.com,Female,01.03.2000,6.75992E+17,-7.0631844,107.7843483
904,Xenos Astill,xastillp3@comsenz.com,Male,28.05.2003,5.89313E+15,22.581293,113.896129
905,Meridith Cheake,mcheakep4@pbs.org,Female,22.06.1991,2.01867E+14,39.8909584,116.325077
906,Wendie Burde,wburdep5@booking.com,Female,18.02.1999,5.60222E+17,34.983385,102.911027
907,Diarmid Orme,dormep6@salon.com,Male,01.04.2005,6.70949E+17,9.9296843,123.9327724
908,Dosi Tall,dtallp7@nasa.gov,Female,29.09.1984,3.58962E+15,32.40792,35.70802
909,Victoria MacKegg,vmackeggp8@miibeian.gov.cn,Female,17.11.1981,3.55072E+15,20.5593774,-101.2049226
910,Pren Bathurst,pbathurstp9@apache.org,Male,07.07.1987,5.01012E+15,50.58999,20.057961
911,Marieann Skull,mskullpa@w3.org,Female,27.01.2000,3.54132E+15,-7.9284108,110.3457756
912,Faustina Gillhespy,fgillhespypb@bloglovin.com,Female,07.03.1995,5.89355E+18,-11.8163553,-75.4534081
913,Goober Kisbey,gkisbeypc@senate.gov,Male,06.09.1991,6.7599E+18,-17.8832695,-62.941187
914,Arch Aitken,aaitkenpd@paypal.com,Male,01.07.1999,5.61025E+18,34.007974,119.839212
915,Othella Le Pruvost,olepe@wp.com,Female,11.06.1986,3.5862E+15,-30.8772854,-55.5392304
916,Cyrillus Gilhooley,cgilhooleypf@jimdo.com,Male,29.04.1994,6.76727E+17,27.415632,118.347831
917,Amber de Amaya,,Female,19.08.1996,3.57418E+15,34.6914551,112.4962138
918,Lynna Fullun,lfullunph@yahoo.co.jp,Female,25.05.1999,4.02604E+15,43.4471085,17.2139989
919,Minda O'Ruane,moruanepi@cnn.com,Female,27.09.1982,3.58417E+15,10.7497,122.616
920,Nicolette Hambatch,nhambatchpj@newyorker.com,Female,23.03.2003,6.75971E+17,-21.2129007,-159.7823059
921,Sonny Perocci,speroccipk@indiegogo.com,Female,15.01.1996,3.58176E+15,19.482042,-99.1985584
922,Padriac Lippingwell,plippingwellpl@reverbnation.com,Male,20.12.1982,3.57776E+15,31.30275,121.389084
923,Irina Heaton,,Female,16.10.1999,5.60222E+15,-20.6984299,-44.8256777
924,Corena Wiffield,cwiffieldpn@slashdot.org,Female,09.11.1985,3.74283E+14,-6.7533085,108.5522531
925,Carolyn Pentlow,cpentlowpo@yellowpages.com,Female,19.05.1989,3.57229E+15,35.000262,102.910493
926,Lilla Brouncker,lbrounckerpp@symantec.com,Female,10.10.1984,5.27327E+15,-38.951721,-68.1038808
927,Neall Kindley,nkindleypq@msn.com,Male,25.08.1980,3.57589E+15,29.689847,121.28259
928,Grayce Rosling,groslingpr@xrea.com,Female,01.03.1998,3.37941E+14,61.7904399,29.3146856
929,Marketa Plowright,mplowrightps@springer.com,Female,14.05.1985,3.02183E+13,-29.5795648,-51.1689963
930,Nyssa Easterby,neasterbypt@surveymonkey.com,Female,24.10.1983,3.56889E+15,52.2902011,22.4724915
931,Prentiss Boreland,pborelandpu@comcast.net,Male,09.02.1995,3.69733E+13,44.891731,-76.0289414
932,Biron Booi,bbooipv@sbwire.com,Male,23.04.1986,5.60223E+17,36.7230724,10.3441758
933,Martie Beastall,mbeastallpw@imgur.com,Female,30.05.1998,4.0416E+15,-22.7186089,-42.6279835
934,Gaylord Heningam,gheningampx@ucoz.com,Male,06.10.1981,3.56137E+15,32.6733576,35.7517448
935,Stephana Beesey,sbeeseypy@mapy.cz,Female,08.07.1988,3.56252E+15,12.7494718,4.5366582
936,Kelly Volante,kvolantepz@japanpost.jp,Male,15.09.2001,5.60224E+15,50.9621585,35.690669
937,Stesha Cossar,scossarq0@ameblo.jp,Female,04.09.1991,3.58193E+15,-7.1432,114.3603
938,Poppy Jankin,pjankinq1@digg.com,Female,28.11.1991,5.03872E+15,-24.9288708,-53.4392535
939,Mab Langsbury,mlangsburyq2@booking.com,Female,13.11.1986,3.48361E+14,59.1102039,9.6759643
940,Isis Springall,ispringallq3@bloomberg.com,Female,20.03.1986,5.04838E+15,2.195403,-75.6274679
941,Manda Mossbee,mmossbeeq4@wufoo.com,Female,15.08.2002,3.74283E+14,-8.4425528,114.288097
942,Christoph Arrighini,carrighiniq5@wufoo.com,Male,16.09.2002,6.39231E+15,52.0872281,18.8224372
943,Judas Woodruff,jwoodruffq6@hhs.gov,Male,28.09.2000,3.5668E+15,38.6849828,-9.3469171
944,Gardner Liversley,gliversleyq7@sun.com,Male,25.11.1997,3.55901E+15,34.6520219,135.6373307
945,Jorey Freestone,jfreestoneq8@forbes.com,Female,16.02.2005,5.60222E+16,19.2232969,-70.5126462
946,Hastings Quilligan,hquilliganq9@vinaora.com,Male,21.07.1999,5.04838E+15,65.6136813,22.1762379
947,Jacky Willshere,jwillshereqa@google.pl,Male,25.04.2001,3.57013E+15,44.6063199,17.8595342
948,Artus Offill,aoffillqb@webeden.co.uk,Male,21.03.1990,3.58375E+15,33.917649,106.309127
949,Odey Farnorth,ofarnorthqc@mac.com,Male,30.11.1980,5.01826E+15,6.7885037,124.8730516
950,Nananne Dudding,nduddingqd@4shared.com,Female,17.08.1998,3.56018E+15,22.691253,114.346251
951,Sunny Cicchelli,scicchelliqe@dyndns.org,Female,31.08.1990,5.01871E+16,-8.496803,115.148803
952,Juieta Pharro,jpharroqf@4shared.com,Female,10.05.1992,4.91315E+15,26.3418755,31.8875679
953,Ava Pickover,apickoverqg@cocolog-nifty.com,Female,18.08.1989,5.43255E+15,28.220406,121.038129
954,Konrad Johl,kjohlqh@cnbc.com,Male,08.08.2002,6.75934E+15,-9.6498487,-35.7089492
955,Claudine Renvoys,crenvoysqi@devhub.com,Female,03.01.2002,4.175E+15,27.3675011,68.1006359
956,Ashby Zimmermeister,azimmermeisterqj@typepad.com,Male,06.12.1994,6.76267E+16,-23.4794456,-46.382126
957,Lindsey Oakly,loaklyqk@livejournal.com,Female,28.05.1983,3.53011E+15,44.109264,87.626156
958,Steffen Shee,ssheeql@amazon.co.jp,Male,21.09.1983,3.01304E+13,49.7713426,6.0198003
959,Rudy Snibson,rsnibsonqm@merriam-webster.com,Male,30.05.1998,3.53262E+15,32.2187771,70.3898483
960,Cthrine Karpman,ckarpmanqn@free.fr,Female,16.12.2004,3.70558E+14,49.2059545,-2.1336267
961,Elaina Fuxman,efuxmanqo@mediafire.com,Female,05.06.1987,3.55471E+15,-9.3550932,-37.1901616
962,Joshua Cristol,jcristolqp@cbc.ca,Male,07.01.2004,5.00766E+15,8.9779832,1.1448981
963,Linda Spere,lspereqq@slideshare.net,Female,03.11.2002,3.57068E+15,14.5665378,121.1092186
964,Enoch Swann,eswannqr@cdbaby.com,Male,26.11.2000,3.55274E+15,44.8184554,20.4643411
965,Selle Sussems,ssussemsqs@princeton.edu,Female,09.07.1999,3.59E+15,-8.5895217,117.2793685
966,Charmion Antonognoli,cantonognoliqt@amazon.co.jp,Female,01.09.1992,3.5741E+15,14.5636407,121.0134927
967,Derrick Seneschal,dseneschalqu@github.io,Male,21.05.1999,3.55956E+15,-17.4652462,49.2005539
968,Gwendolyn Jodlowski,gjodlowskiqv@uol.com.br,Female,02.07.1998,3.54745E+15,24.751346,110.451368
969,Pablo Astill,pastillqw@skype.com,Male,20.07.2003,6.76248E+18,35.4937018,110.3838909
970,Kim Skough,kskoughqx@about.com,Male,09.02.2005,3.04504E+13,28.168408,120.482198
971,Val Gogarty,vgogartyqy@berkeley.edu,Male,16.08.1985,3.56447E+15,-33.4856642,-70.727931
972,Raven Esposito,respositoqz@google.nl,Female,04.01.1983,2.01759E+14,43,-87.97
973,Nealy Trammel,ntrammelr0@yolasite.com,Male,17.07.1980,5.23924E+15,-6.858925,108.2080973
974,Junette Getty,jgettyr1@wix.com,Female,12.11.1988,6.38139E+15,13.6055178,100.3796676
975,Norry Lauthian,nlauthianr2@opensource.org,Male,01.12.1992,5.60222E+16,54.3924957,48.577155
976,Elaine Canacott,ecanacottr3@1688.com,Female,28.04.1998,4.02649E+15,8.34816,-71.85849
977,Hyacintha Kersting,hkerstingr4@google.nl,Female,20.04.1998,3.57351E+15,41.603085,46.638308
978,Yale Ritzman,yritzmanr5@wikimedia.org,Male,13.10.2002,3.57801E+15,57.3921266,63.7602594
979,Thedric Norres,tnorresr6@biblegateway.com,Male,07.10.1987,3.5395E+15,41.420018,128.200789
980,Elga Hairsine,ehairsiner7@weather.com,Female,07.07.1982,3.53748E+15,39.9831117,-75.1150466
981,Jenelle Guinan,jguinanr8@devhub.com,Female,31.10.1988,5.10014E+15,-6.562,105.9917
982,Kennan Basill,kbasillr9@fda.gov,Male,16.03.1987,3.54497E+15,59.1655805,35.3248919
983,Maudie Madgwick,mmadgwickra@shareasale.com,Female,02.10.1992,5.10014E+15,53.7902634,-6.2429997
984,Valentina Membry,vmembryrb@omniture.com,Female,27.04.1982,4.93668E+17,53.450694,-6.1479779
985,Jennine Donnellan,jdonnellanrc@webnode.com,Female,17.07.2000,3.53505E+15,17.380558,-62.7533321
986,Melonie Lyndon,mlyndonrd@pinterest.com,Female,10.12.2003,5.61038E+15,48.73808,-69.08478
987,Belita Drewitt,bdrewittre@mit.edu,Female,17.12.1999,5.10875E+15,27.208609,109.836669
988,Xerxes Stores,xstoresrf@wunderground.com,Male,25.08.1984,3.54436E+15,23.146358,113.265008
989,Clarita Jorger,cjorgerrg@loc.gov,Female,03.01.2005,6.33309E+17,59.75,43.1333329
990,Monty Buse,mbuserh@foxnews.com,Male,25.08.2004,3.55206E+15,7.916771,98.370774
991,Melony D'Alessandro,mdalessandrori@surveymonkey.com,Female,30.08.2002,3.56581E+15,57.5334964,15.9897014
992,Delphine Brandon,dbrandonrj@senate.gov,Female,08.07.1985,3.55315E+15,27.859517,114.758301
993,Annora Rossetti,arossettirk@usnews.com,Female,10.09.2000,3.74623E+14,37.943121,115.217658
994,Kirsti Scane,kscanerl@sohu.com,Female,09.09.2000,3.57013E+15,32.663268,96.609741
995,Jaynell Scarborough,jscarboroughrm@yahoo.com,Female,06.05.1991,2.01669E+14,28.685085,115.899262
996,Julie Cocke,jcockern@163.com,Male,18.09.1981,3.74283E+14,23.0714717,90.9120501
997,Corena Ainsworth,cainsworthro@mapy.cz,Female,17.05.1997,3.02976E+13,8.2608053,123.0748243
998,Vasili Karlqvist,vkarlqvistrp@prnewswire.com,Male,18.07.2004,5.60222E+15,52.6225919,90.0794098
999,Kimbra Nickolls,knickollsrq@economist.com,Female,11.02.2003,3.55987E+15,51.9980805,127.6785226
1000,Bald Lorking,blorkingrr@ameblo.jp,Male,13.04.1997,3.53075E+15,-24.7762704,25.4141193
